-- phpMyAdmin SQL Dump
-- version 5.0.4
-- https://www.phpmyadmin.net/
--
-- Anamakine: localhost:3306
-- Üretim Zamanı: 07 Şub 2021, 20:44:37
-- Sunucu sürümü: 5.7.24
-- PHP Sürümü: 7.2.19

SET SQL_MODE = "NO_AUTO_VALUE_ON_ZERO";
START TRANSACTION;
SET time_zone = "+00:00";


/*!40101 SET @OLD_CHARACTER_SET_CLIENT=@@CHARACTER_SET_CLIENT */;
/*!40101 SET @OLD_CHARACTER_SET_RESULTS=@@CHARACTER_SET_RESULTS */;
/*!40101 SET @OLD_COLLATION_CONNECTION=@@COLLATION_CONNECTION */;
/*!40101 SET NAMES utf8mb4 */;

--
-- Veritabanı: `blog_db`
--

-- --------------------------------------------------------

--
-- Tablo için tablo yapısı `admins`
--

CREATE TABLE `admins` (
  `id` bigint(20) UNSIGNED NOT NULL,
  `name` varchar(255) COLLATE utf8mb4_unicode_ci NOT NULL,
  `email` varchar(255) COLLATE utf8mb4_unicode_ci NOT NULL,
  `password` varchar(255) COLLATE utf8mb4_unicode_ci NOT NULL
) ENGINE=InnoDB DEFAULT CHARSET=utf8mb4 COLLATE=utf8mb4_unicode_ci;

--
-- Tablo döküm verisi `admins`
--

INSERT INTO `admins` (`id`, `name`, `email`, `password`) VALUES
(1, 'Blog Admin', 'blog@blog.com', '$2y$10$QqTgLhjzKGWM.48wlqwCXeNMyzxFiBYMS1WCdYEzIUKXTh5LSdB/m');

-- --------------------------------------------------------

--
-- Tablo için tablo yapısı `articles`
--

CREATE TABLE `articles` (
  `id` bigint(20) UNSIGNED NOT NULL,
  `category_id` bigint(20) UNSIGNED NOT NULL,
  `title` varchar(255) COLLATE utf8mb4_unicode_ci NOT NULL,
  `image` varchar(255) COLLATE utf8mb4_unicode_ci NOT NULL,
  `content` longtext COLLATE utf8mb4_unicode_ci NOT NULL,
  `hit` int(11) NOT NULL DEFAULT '0',
  `status` int(11) NOT NULL DEFAULT '1' COMMENT '0:Pasif 1:Aktif',
  `slug` varchar(255) COLLATE utf8mb4_unicode_ci NOT NULL,
  `deleted_at` timestamp NULL DEFAULT NULL,
  `created_at` timestamp NULL DEFAULT NULL,
  `updated_at` timestamp NULL DEFAULT NULL
) ENGINE=InnoDB DEFAULT CHARSET=utf8mb4 COLLATE=utf8mb4_unicode_ci;

--
-- Tablo döküm verisi `articles`
--

INSERT INTO `articles` (`id`, `category_id`, `title`, `image`, `content`, `hit`, `status`, `slug`, `deleted_at`, `created_at`, `updated_at`) VALUES
(1, 6, 'Eligendi error eligendi enim odio doloribus sapiente consequatur at quaerat error a reprehenderit vero.', 'https://lorempixel.com/825/400/cats/?12916', 'Autem rem itaque placeat non consequatur quia aliquid. Et quia porro dolor doloremque magni. Adipisci ea quaerat doloribus rerum provident reiciendis. Eos explicabo eum eum quae dolorem. Est cupiditate maiores nulla et. Ducimus sed similique deserunt est sunt sunt. Possimus ducimus voluptate animi quia. Dolorem dolorum dicta vero dolorum ut. Et rerum et nemo minus voluptas. Culpa excepturi sed facere quae amet modi. Distinctio ab et et qui. Nihil alias quia magnam. Vitae et nisi error deserunt sed sunt fugit. Iste non ea voluptatum dolorum. Asperiores corrupti sint et quaerat unde repudiandae pariatur. Aliquam sed ut magni ut voluptatem sit alias commodi. Minima sed ipsa atque accusantium ea velit.', 0, 1, 'eligendi-error-eligendi-enim-odio-doloribus-sapiente-consequatur-at-quaerat-error-a-reprehenderit-vero', NULL, '2020-05-17 19:50:30', '2021-02-07 20:32:24'),
(2, 3, 'Dolorum officia consequatur sint quaerat molestias molestiae consequatur est neque itaque.', 'https://lorempixel.com/825/400/cats/?93743', 'Qui a nostrum illo maxime. Repellat aut sed ipsa quibusdam quia. Quaerat quis qui velit non quidem. Veritatis harum corrupti est est doloremque accusantium vitae. Exercitationem fugiat reprehenderit quis temporibus. Eius iure nihil facere velit. Ratione hic quibusdam nulla et. Praesentium est sunt id quod assumenda illum qui. Dolores quia aut ea dolorem esse ullam. Et natus aut qui et perferendis impedit. Minus tenetur consequatur mollitia officia eaque officiis totam. Consectetur sit in rem vero porro. Autem repellendus sit non id neque. Voluptates eaque autem id molestias repellat quam rerum qui. Id et asperiores enim nesciunt corporis.', 0, 1, 'dolorum-officia-consequatur-sint-quaerat-molestias-molestiae-consequatur-est-neque-itaque', NULL, '2011-02-16 11:16:20', '2021-02-07 20:32:24'),
(3, 3, 'Voluptate praesentium qui distinctio voluptatem alias minus eum ut ipsa suscipit et.', 'https://lorempixel.com/825/400/cats/?45207', 'Aut laudantium illum itaque omnis commodi numquam quae. Quis consequatur expedita iure dicta praesentium enim. Dignissimos ut et qui accusamus ut ducimus ipsum et. Dolor atque numquam fugit dolore et quam debitis et. Animi voluptates ut odit blanditiis quia. Et quo cumque voluptatem veritatis qui quia mollitia. Eos qui dolore quo dolorem aliquam libero. Nemo dolorum odio libero asperiores qui placeat eaque quos. Qui voluptatem voluptate eos consequatur aspernatur eum. Vero quia et eos molestiae minima. Enim repellat in et non sequi recusandae. Velit pariatur id qui quasi unde quia alias necessitatibus.', 0, 1, 'voluptate-praesentium-qui-distinctio-voluptatem-alias-minus-eum-ut-ipsa-suscipit-et', NULL, '2008-10-15 04:29:07', '2021-02-07 20:32:24'),
(4, 6, 'Eum ratione et excepturi repudiandae delectus voluptates quisquam nulla atque eum.', 'https://lorempixel.com/825/400/cats/?45038', 'Doloremque ut eaque tempore est eum eum. Vel pariatur aut ut. Deserunt odio corrupti nihil velit. Exercitationem molestias qui voluptatibus. Rem eum aut molestias in veniam autem nisi. Velit autem distinctio architecto quis facilis est. Cumque praesentium aut provident aut. Animi nihil vel assumenda sit. Eveniet eveniet consectetur vero facere amet reiciendis iste explicabo. Eum in quisquam ipsa accusantium sint id. Vel asperiores porro ratione iure ullam voluptatum et atque. Et veniam nesciunt quo veniam. Nihil perspiciatis libero enim id sed.', 0, 1, 'eum-ratione-et-excepturi-repudiandae-delectus-voluptates-quisquam-nulla-atque-eum', NULL, '2015-11-29 10:55:29', '2021-02-07 20:32:24'),
(5, 6, 'Corrupti ullam officia eligendi dolores voluptatibus mollitia.', 'https://lorempixel.com/825/400/cats/?64298', 'Quia ea qui esse doloribus sapiente delectus labore vero. At earum ipsam rerum et facere. Enim doloremque non unde voluptatem. Quis voluptate ab eos sed illo vitae. Et corporis ratione inventore. Nam porro et est odit. Necessitatibus qui animi sequi vitae sequi earum pariatur ut. Veniam exercitationem culpa recusandae ducimus qui. Similique laborum harum voluptatem nemo voluptas corporis distinctio. Voluptatem atque officia aut dolores est. Amet quo quae debitis esse omnis. Eum qui rerum asperiores vel. In reprehenderit error aut est aspernatur minima. Nisi ipsa et eum deleniti praesentium. Iure minima et sit et.', 0, 1, 'corrupti-ullam-officia-eligendi-dolores-voluptatibus-mollitia', NULL, '2017-07-05 23:21:59', '2021-02-07 20:32:24'),
(6, 6, 'Ut sed labore dignissimos molestiae rerum voluptas est quaerat enim expedita soluta a.', 'https://lorempixel.com/825/400/cats/?27406', 'Atque qui voluptas id perferendis. Aliquam quo qui dolorem et dignissimos aut dignissimos. Itaque et sint quia voluptatem aut consequuntur. Sed quam optio eum qui occaecati laborum. Dolores ipsam magni repudiandae placeat et id neque iure. Iure similique voluptatem velit voluptas quidem accusantium ut soluta. Mollitia nihil perferendis atque nobis incidunt. Ea quisquam velit vel repudiandae voluptas. Adipisci repudiandae quia et. Delectus debitis animi accusantium et adipisci unde. Atque enim velit quidem. Consequatur natus est atque illum quae est.', 0, 1, 'ut-sed-labore-dignissimos-molestiae-rerum-voluptas-est-quaerat-enim-expedita-soluta-a', NULL, '2014-06-07 19:55:04', '2021-02-07 20:32:24'),
(7, 7, 'Maiores animi expedita aperiam ullam harum hic reiciendis pariatur qui molestias nulla eos rerum.', 'https://lorempixel.com/825/400/cats/?35775', 'Eius nam saepe praesentium. Rerum harum sed non repellendus aut expedita et. Officia aliquam sint voluptatibus consequatur delectus. Eos aut nesciunt aut. Quidem eos modi vitae est in. Assumenda eveniet praesentium corrupti velit aut. Accusamus quia id fuga eligendi aspernatur dolore. Neque et rerum dolore exercitationem exercitationem. Quia nobis odio ea doloremque. Ducimus eum quaerat voluptatibus consequuntur pariatur earum alias.', 0, 1, 'maiores-animi-expedita-aperiam-ullam-harum-hic-reiciendis-pariatur-qui-molestias-nulla-eos-rerum', NULL, '2000-02-03 14:05:56', '2021-02-07 20:32:24'),
(8, 1, 'Nam ea molestiae commodi repudiandae voluptatum est et corporis rem.', 'https://lorempixel.com/825/400/cats/?82434', 'Quisquam saepe maiores voluptas voluptatem molestiae voluptatum. Labore laboriosam nobis deleniti qui aliquam voluptas cumque. Alias reprehenderit quo voluptas provident. Quia excepturi nesciunt ad consequuntur. Iure voluptatem ipsa rerum hic non. Atque corrupti doloremque consequuntur. Alias aut suscipit natus illum et eius. Voluptate suscipit consequuntur tempora illo. Consectetur assumenda et qui iste et. Sunt sit inventore nostrum sapiente eligendi sapiente qui eos. Veniam dolore quia hic.', 0, 1, 'nam-ea-molestiae-commodi-repudiandae-voluptatum-est-et-corporis-rem', NULL, '1996-03-31 13:22:25', '2021-02-07 20:32:25'),
(9, 1, 'Ut quo ut necessitatibus minima modi et quia expedita ab sed labore nisi voluptatem.', 'https://lorempixel.com/825/400/cats/?47876', 'Occaecati vel rem sit perspiciatis. Illo ut et qui. Illum saepe nemo consequatur. Quia velit quidem reprehenderit placeat minus modi quo. Quis ut iusto excepturi magnam et aut sapiente. Et eos perspiciatis consectetur ipsam voluptatem repellat incidunt. Impedit error ratione quisquam voluptatum. Dignissimos corporis modi asperiores aperiam ut natus quia. Laboriosam et qui a vitae nulla sit architecto et. Labore accusamus labore libero maxime. Quibusdam id laudantium et incidunt. Autem sit nulla labore facilis. Voluptatum consequatur tempora voluptatibus quas non cumque. Rerum quia alias sint et. Eum enim dignissimos ea laboriosam sapiente. Et ratione animi ad voluptas quia. Dolor qui voluptate facilis occaecati. Rerum et dolores perspiciatis eaque accusamus repellat enim. Omnis magni impedit suscipit sint.', 0, 1, 'ut-quo-ut-necessitatibus-minima-modi-et-quia-expedita-ab-sed-labore-nisi-voluptatem', NULL, '2006-11-02 09:52:46', '2021-02-07 20:32:25'),
(10, 5, 'Excepturi fugiat maiores porro et aut et modi praesentium ut ut commodi voluptatibus.', 'https://lorempixel.com/825/400/cats/?67806', 'Optio dolores id eum. Provident eligendi in ut. Et rerum odio non saepe doloribus. Perspiciatis eum eos enim pariatur. In provident ab eum. Et reprehenderit cumque maxime eaque repellat ipsum molestiae. Error aliquid suscipit odio laboriosam. Nam deserunt officia consequuntur magni sed et cumque. Iure sequi consequuntur dicta modi nulla. Rem optio consectetur reprehenderit quo provident ab quo. Repellat quia quos voluptatibus reiciendis veritatis impedit laudantium. Et vel nostrum alias aliquam sed in. Inventore illum earum velit nostrum sint ipsam. Voluptate nisi quam temporibus aperiam. Hic deserunt cumque non placeat id corporis. Et quam est dolorem rerum repellendus suscipit ullam. Aut sequi a veritatis aut.', 0, 1, 'excepturi-fugiat-maiores-porro-et-aut-et-modi-praesentium-ut-ut-commodi-voluptatibus', NULL, '1999-12-24 05:16:08', '2021-02-07 20:32:25'),
(11, 2, 'Officia sed et doloremque vel eum error.', 'https://lorempixel.com/825/400/cats/?65534', 'Aliquid aut quia porro quia et hic. Ut aspernatur est fuga dolorem nesciunt blanditiis necessitatibus. Cum quaerat explicabo ut molestiae nihil asperiores. Dolorem reiciendis accusantium ea veritatis at necessitatibus sequi. Optio molestiae fuga minima at necessitatibus. Eos nihil molestias accusantium sed quos vitae qui. Cum vel nam facilis veniam natus sed. Provident voluptas laboriosam dolor ducimus animi eveniet impedit. Est assumenda dignissimos ullam id perspiciatis molestiae. Qui architecto enim facere et totam repellendus. Reprehenderit sed voluptatem saepe. Ex sapiente quam aliquid. Harum deserunt unde nisi autem et sed modi. Fugit voluptatem consequatur maxime amet vel culpa eligendi voluptatibus. Sint natus consequatur est sit quae voluptatem. Eos qui consequuntur dolorum voluptas est ea quis. Libero cumque recusandae ab blanditiis et eaque iusto. Fuga vero voluptatem nihil hic molestias ipsam. Consequatur et molestiae voluptatem accusamus sed qui nostrum. Blanditiis ea hic doloribus harum voluptatibus corrupti sint voluptatibus.', 0, 1, 'officia-sed-et-doloremque-vel-eum-error', NULL, '1972-11-15 10:06:33', '2021-02-07 20:32:25'),
(12, 6, 'Debitis aliquid eligendi quos voluptatem consequatur sapiente fugit veritatis culpa necessitatibus quaerat aut.', 'https://lorempixel.com/825/400/cats/?56270', 'Consequatur consequatur ut voluptas tempore. Ut quasi iusto est. In reprehenderit sunt dolore repudiandae. Vel dicta sint laudantium repellendus cupiditate. Consequatur iste at qui enim dolor voluptatibus. Minus corporis temporibus totam quo non minima rerum. Repellat placeat labore nemo nihil perferendis impedit deserunt. Voluptates rerum sint quos sunt et et. In optio non doloribus suscipit est. Vero facere laudantium in.', 0, 1, 'debitis-aliquid-eligendi-quos-voluptatem-consequatur-sapiente-fugit-veritatis-culpa-necessitatibus-quaerat-aut', NULL, '1976-04-28 18:58:56', '2021-02-07 20:32:25'),
(13, 6, 'Fugit adipisci ut suscipit eveniet est qui.', 'https://lorempixel.com/825/400/cats/?12461', 'Dolor sed cum deserunt laborum quisquam velit repudiandae. Consequatur esse eos voluptatem error a minima et. Nemo tenetur mollitia alias et. Accusantium vel repellendus qui similique dolorum. Voluptatem voluptas fugiat est rerum. Eius quaerat velit quia qui voluptatem. Animi fugiat repudiandae perspiciatis vitae. Animi quis inventore doloribus quas odio. Sapiente odit doloribus aut eaque iusto. Ipsa velit magnam reiciendis accusantium distinctio. Minima quia et optio dolor unde. Omnis atque itaque animi doloremque nisi animi. Sunt velit veritatis qui harum est alias. Pariatur autem distinctio consequatur nihil ut. Dolorem culpa fugit eum corrupti eos iste nobis dolore. Et et molestiae omnis ut debitis. Velit ut quis non ipsum est accusamus voluptas. A quo odit quibusdam sit hic aliquam nesciunt. Quibusdam odio velit qui.', 0, 1, 'fugit-adipisci-ut-suscipit-eveniet-est-qui', NULL, '1998-08-07 12:45:38', '2021-02-07 20:32:25'),
(14, 6, 'Fugit labore est voluptas architecto est numquam est ducimus magni.', 'https://lorempixel.com/825/400/cats/?69851', 'Ut iste quia sed laborum. Et a sunt ea est minima. Ea et debitis id iusto repellat. Aut possimus ut omnis quos. Repudiandae rerum exercitationem ipsa aut qui et. Et vel dolores temporibus autem dicta dicta. Deleniti recusandae aut voluptatem rerum. Odit illo omnis aut velit pariatur cum qui. Dolores ratione consequatur est vel id voluptatem. A iusto hic iure consequatur aut non. Quo dolorem beatae sint impedit ad sunt fugiat. Perferendis ad voluptatem sunt quod. Pariatur soluta voluptas ut repellat rerum. Quaerat est unde ut rem molestiae expedita. Pariatur laborum sapiente quis facere. Aspernatur et quis possimus adipisci aut qui dolores.', 0, 1, 'fugit-labore-est-voluptas-architecto-est-numquam-est-ducimus-magni', NULL, '2020-05-04 22:14:01', '2021-02-07 20:32:25'),
(15, 4, 'Consequatur atque expedita sint unde nam vero.', 'https://lorempixel.com/825/400/cats/?86511', 'Architecto velit inventore velit praesentium illum. Ea voluptatem et repudiandae blanditiis. Maxime minus est consectetur sint quo. Delectus perspiciatis dicta qui consequatur inventore. Cum excepturi similique nihil omnis et sunt. Neque error illo voluptatem a voluptates nisi repellat. Nostrum voluptates laudantium molestiae distinctio eaque quidem eum. Enim maxime accusantium est. Libero laboriosam natus non neque esse aliquam enim sint. Consequuntur nulla et sed voluptas. Libero maiores nisi cupiditate ut quam quas et doloribus. Ullam alias quia est magni. Est necessitatibus tempora fugit nihil eligendi. Aliquid non impedit harum deserunt dolores et voluptate eos. In et accusantium est vel sunt libero. Pariatur quam in placeat eum quae sit. Magni ea perspiciatis doloremque enim in voluptatem. Et voluptatem quasi pariatur cupiditate iste accusantium. Dolor repudiandae neque atque rerum. Qui inventore in facere repudiandae. Non eos amet itaque rerum laborum quae est est.', 0, 1, 'consequatur-atque-expedita-sint-unde-nam-vero', NULL, '2005-10-22 06:22:08', '2021-02-07 20:32:25'),
(16, 4, 'Sint eos dolor ducimus magni voluptas quae maiores.', 'https://lorempixel.com/825/400/cats/?61570', 'Aut non dolor nobis dolores. Distinctio neque vitae recusandae ut similique ut eveniet. In quibusdam suscipit omnis qui et. Nobis nihil cumque nam. Quo est tempore velit aut mollitia. Quisquam earum quas qui in molestiae. Quam et eum cupiditate provident dolorem explicabo. Quis atque nemo quaerat ea architecto ut. Et sit veritatis quo velit. Ut voluptate corporis et qui eos sed accusantium est. Iusto qui eos aut officiis eum. Molestias ut quaerat quisquam dolores repellat incidunt soluta numquam. Illo qui eum natus consequatur rerum maxime consequatur facere. Ut velit non nesciunt quo praesentium. Ex eius officia soluta est architecto quia. Libero fuga officiis dicta inventore aut quia.', 0, 1, 'sint-eos-dolor-ducimus-magni-voluptas-quae-maiores', NULL, '1993-05-04 08:39:39', '2021-02-07 20:32:25'),
(17, 7, 'Aperiam ut libero eum molestiae et fugit est nihil amet quisquam quidem repellendus.', 'https://lorempixel.com/825/400/cats/?51442', 'Aut delectus sunt odio explicabo maxime necessitatibus iure. Eveniet natus voluptatum blanditiis quis doloremque facilis. Sunt minima est rem minima aliquam sequi. Sapiente est rerum aspernatur nam consequatur laborum. Amet magnam et praesentium qui fugiat enim sit dignissimos. Exercitationem similique laborum praesentium totam sunt distinctio. Id dolores et asperiores. Animi et ipsum ut nam sed perferendis exercitationem. Autem tempora exercitationem itaque voluptatem et architecto autem. Nesciunt ut ad necessitatibus possimus officiis aut optio velit. Harum nam qui natus qui unde perferendis. Ducimus laudantium recusandae sed quia id.', 0, 1, 'aperiam-ut-libero-eum-molestiae-et-fugit-est-nihil-amet-quisquam-quidem-repellendus', NULL, '2001-02-12 07:19:06', '2021-02-07 20:32:25'),
(18, 1, 'Aliquid delectus eveniet et sint consequatur quae voluptas.', 'https://lorempixel.com/825/400/cats/?80913', 'Nesciunt qui quia eveniet quam dolore. Ea sit qui dolorem. Dolore in ea vel accusamus non beatae et. Provident ipsum omnis ad consequatur vel sed sint sed. Doloribus consequatur libero cupiditate et sed distinctio doloribus. Cum aut voluptatem velit reiciendis placeat. Omnis saepe dolores ipsam officia adipisci. Voluptas exercitationem repellendus architecto dolore odio illo eligendi. Libero eum nobis velit sit necessitatibus reiciendis. Maiores explicabo animi omnis libero voluptatibus delectus. Blanditiis velit maxime maxime voluptas. Saepe sapiente assumenda nobis. Praesentium et dolor maxime autem consectetur.', 0, 1, 'aliquid-delectus-eveniet-et-sint-consequatur-quae-voluptas', NULL, '2009-07-15 10:24:09', '2021-02-07 20:32:25'),
(19, 4, 'Commodi in odit voluptate itaque nihil numquam sequi qui atque id.', 'https://lorempixel.com/825/400/cats/?43734', 'Distinctio soluta voluptas non. Eius nihil esse quas dolores. Reprehenderit vel quam quidem sed. Recusandae officia asperiores aut quaerat et placeat. Fuga impedit recusandae ea rerum odit expedita itaque. Itaque recusandae est in qui dolores enim corrupti rerum. Odio quaerat expedita atque voluptate excepturi cupiditate. Neque ipsam adipisci inventore. Eos aut praesentium cum sint sint est dignissimos. Necessitatibus in nulla ducimus numquam vel autem in. Quasi aut officiis cupiditate aut rerum asperiores et possimus. Minus quo consequatur quam iure sit. Quasi provident eligendi officia ut praesentium assumenda ut sapiente. Quis voluptates ut nam nihil consequatur dolores non. Quos in similique laboriosam rerum dolores tenetur. Voluptatem omnis quam ex vel dolores voluptatibus.', 0, 1, 'commodi-in-odit-voluptate-itaque-nihil-numquam-sequi-qui-atque-id', NULL, '2013-01-14 13:17:56', '2021-02-07 20:32:25'),
(20, 1, 'Praesentium laborum omnis nihil ratione cum et et voluptatibus tempora voluptate deleniti corrupti.', 'https://lorempixel.com/825/400/cats/?55291', 'Officiis molestiae quas neque odit itaque. Voluptatum ad voluptatem consequatur alias incidunt dolores odit. Accusamus a corrupti ut eum voluptas et. Assumenda veniam fugit laborum vel dolorum. Aspernatur tenetur at quis veritatis eos aperiam sed a. Laudantium qui adipisci quis occaecati aliquam. Molestiae veniam fugit iure. Qui maxime aliquam et eius consequuntur tenetur. Vitae neque doloribus velit quisquam et sed. Consequuntur aut fuga veniam reiciendis occaecati accusamus. Voluptatem ad est pariatur nam quod eveniet.', 0, 1, 'praesentium-laborum-omnis-nihil-ratione-cum-et-et-voluptatibus-tempora-voluptate-deleniti-corrupti', NULL, '1989-07-30 17:54:41', '2021-02-07 20:32:25'),
(21, 5, 'Aut omnis et laborum enim laborum reprehenderit possimus aspernatur et et.', 'https://lorempixel.com/825/400/cats/?10996', 'Debitis animi ab cumque quae. Laboriosam unde dolores id tempora assumenda dolor consequuntur. Ratione facere quia vitae repellendus consequatur. Illum assumenda ipsam sed repellendus perferendis at. Blanditiis consequatur voluptatibus quia occaecati. Quas tempore rerum tempora. Aliquid amet reprehenderit in dolores. Saepe excepturi aspernatur dicta corrupti. Et laboriosam error totam quisquam. Nam distinctio eum reprehenderit. Quod veniam asperiores sed quidem perferendis. Natus quo et quia qui consequuntur. Nisi eveniet aut sit accusamus. Earum sed laudantium non nisi ab dolores dignissimos. Omnis et vero placeat aliquam quis. Est optio nulla occaecati animi asperiores sed aut.', 0, 1, 'aut-omnis-et-laborum-enim-laborum-reprehenderit-possimus-aspernatur-et-et', NULL, '2004-07-17 12:23:01', '2021-02-07 20:32:25'),
(22, 7, 'Commodi iusto reprehenderit dignissimos laudantium sed ut quis qui unde.', 'https://lorempixel.com/825/400/cats/?12404', 'Minus reiciendis a consequatur tempora enim a est aliquam. Consequuntur veritatis labore dolore ut reiciendis possimus et. Voluptatem eaque eum voluptas aut eos expedita consequuntur et. Quibusdam harum at voluptate voluptatem possimus suscipit. Quam molestiae possimus dolorem tenetur ut in. Voluptas et doloremque autem sit. Non aspernatur tenetur ad voluptas et rerum minima. Dolores est enim id ad dolorum ut quia. Doloribus delectus dignissimos qui cumque et dolores. Alias exercitationem incidunt amet est tenetur. Aperiam dolore laudantium laudantium possimus et. A minus maiores qui perspiciatis dignissimos inventore excepturi. Recusandae similique labore distinctio et perspiciatis quis. Quo quia omnis in eligendi est laudantium et. Autem doloremque possimus aliquid assumenda autem beatae corporis. Saepe est ut accusamus voluptatum repellat voluptatem. Consequuntur reprehenderit ut doloremque enim itaque.', 0, 1, 'commodi-iusto-reprehenderit-dignissimos-laudantium-sed-ut-quis-qui-unde', NULL, '2007-09-24 00:21:34', '2021-02-07 20:32:25'),
(23, 6, 'Est omnis earum non assumenda non a tenetur.', 'https://lorempixel.com/825/400/cats/?22123', 'Iusto ab officia unde doloribus nostrum id distinctio. Quisquam voluptas cupiditate fugit sint iste. Velit eveniet dolore odio laudantium sunt enim. Officiis in qui exercitationem tenetur incidunt autem consequatur. Sint qui aut provident. Doloribus voluptatum blanditiis alias odit. Eum consequuntur quia aliquid nulla voluptatem. Iste enim laudantium cum occaecati. Facilis consequuntur libero illo. Ipsum facere est fuga molestiae.', 0, 1, 'est-omnis-earum-non-assumenda-non-a-tenetur', NULL, '1989-04-19 21:40:42', '2021-02-07 20:32:25'),
(24, 7, 'Facere consequatur ex unde corporis molestiae tempore aut.', 'https://lorempixel.com/825/400/cats/?52633', 'Vero alias consequatur natus a. Voluptatem repellat dolorem voluptatibus aliquam. Ipsam ut id impedit voluptas quas dolor et. Ducimus fuga suscipit iure id iure molestiae. Enim sint vel pariatur hic pariatur laudantium aliquid blanditiis. Porro molestias vitae consectetur accusamus accusamus et. Repudiandae maxime sit dolor. Dolorum qui in qui distinctio enim et. Esse temporibus qui repellat facere debitis. Suscipit aperiam dolores debitis rerum quibusdam aut. Sed incidunt similique soluta delectus consequatur ipsam. Nobis quos totam quam eligendi. Necessitatibus est a velit ut. Eos officiis atque modi laboriosam. Error occaecati et expedita vel. Est omnis repellendus et nihil quidem delectus. Commodi doloribus voluptatem rerum non aperiam provident dolores. Vel suscipit inventore quis sint totam dolorem non fugiat. Quia vel tempore eveniet est.', 0, 1, 'facere-consequatur-ex-unde-corporis-molestiae-tempore-aut', NULL, '2013-06-15 13:11:22', '2021-02-07 20:32:25'),
(25, 4, 'Natus sed omnis ut voluptatem perspiciatis sit in soluta ex.', 'https://lorempixel.com/825/400/cats/?24338', 'Quos nulla nisi distinctio excepturi. Et tempore velit impedit sapiente maxime est. Doloribus culpa neque est accusamus. Aperiam est incidunt necessitatibus ea. Alias totam ipsum quo fugiat enim. Ullam repellendus omnis aut ullam hic. Quia voluptatem consectetur tempora explicabo aspernatur totam. Veniam numquam neque sint et. Sit exercitationem doloribus placeat quas voluptatem ea veniam. Quaerat reprehenderit cupiditate dignissimos magni iure aut ea possimus. Ut quia id quaerat quod. Voluptates quia dolores corrupti deleniti sunt sunt eos pariatur. Cupiditate ad consequatur in. Doloremque voluptatibus vel ipsam sit dolorem. Nesciunt aliquid rem eligendi sit ad. Ut ad esse numquam et veritatis est assumenda. Et fuga ut magni rerum. Et quis numquam exercitationem facere. Molestiae rem veniam est et occaecati omnis.', 0, 1, 'natus-sed-omnis-ut-voluptatem-perspiciatis-sit-in-soluta-ex', NULL, '2011-11-30 06:49:21', '2021-02-07 20:32:25'),
(26, 1, 'Optio aliquid minima delectus adipisci distinctio nemo amet esse ipsum repudiandae placeat laborum.', 'https://lorempixel.com/825/400/cats/?17510', 'Ducimus qui voluptas laudantium id. Voluptatem quam consequatur molestiae impedit sint blanditiis in beatae. Possimus quas iure sit maiores libero rerum quis. Nam impedit nostrum facere et. Vel aliquam quo sint cupiditate. Ut explicabo expedita ut possimus perspiciatis aut. Rem quam ipsum non officia ut quod. Aut impedit eaque voluptas quos perferendis quibusdam. Voluptatum possimus ullam praesentium reprehenderit ut. Consequatur optio dolorem architecto nulla quasi voluptates et. Corrupti qui autem sed voluptatum aliquid nisi dignissimos. Tenetur consequuntur maxime ex quo consectetur autem molestias. Est sed est est ea perferendis eos ut. Et ad eum ut et. Esse amet aperiam voluptas. Enim tempore aspernatur animi unde exercitationem eum.', 0, 1, 'optio-aliquid-minima-delectus-adipisci-distinctio-nemo-amet-esse-ipsum-repudiandae-placeat-laborum', NULL, '1981-10-06 12:15:40', '2021-02-07 20:32:25'),
(27, 1, 'Quidem ut porro provident earum odit et ex tempora ad doloremque hic.', 'https://lorempixel.com/825/400/cats/?64604', 'Corporis assumenda ab nisi ab eveniet accusamus et. Est ab animi adipisci sit esse. Porro alias et voluptate. Aspernatur nisi quis suscipit modi. Eos alias qui cum. Sunt hic consequatur consequatur sunt saepe quia. Nobis ut impedit laudantium similique nostrum. Voluptate esse dolorum doloribus nulla et ut. Rem nemo vitae ullam mollitia autem enim. Itaque quam non consequatur magni amet autem dolore.', 0, 1, 'quidem-ut-porro-provident-earum-odit-et-ex-tempora-ad-doloremque-hic', NULL, '1991-05-17 22:08:25', '2021-02-07 20:32:25'),
(28, 6, 'Quis et ipsum laboriosam veniam nulla nobis ut laboriosam.', 'https://lorempixel.com/825/400/cats/?91264', 'Quas odit tempora qui et velit. Expedita earum aliquid et molestiae. Ut impedit ex voluptatum corrupti vel dolores error et. Placeat fuga sed libero suscipit commodi illum libero. Molestiae eos consequatur aut nulla reiciendis nihil laboriosam. Molestiae corporis eos id hic ullam quasi ipsum. Sint et quaerat est dolor iure. Id possimus ea voluptas non et. Beatae sit illo quidem consequuntur maiores aut. Architecto sed sint quos aut culpa. Similique distinctio esse placeat alias aspernatur odit voluptas. Quia aliquid nobis quia eveniet eius neque est. Unde ut pariatur at a ex vitae. Voluptatem odit et iusto tenetur. Aut reprehenderit dignissimos quia sequi ea pariatur. Ipsam nemo reiciendis inventore repellendus nihil vero suscipit. Voluptas voluptas consequuntur maiores ducimus repudiandae laboriosam distinctio. Aliquam iste exercitationem quo qui. Omnis optio beatae quia aspernatur quia facere eos sunt. Et nesciunt quo esse quidem aut nulla.', 0, 1, 'quis-et-ipsum-laboriosam-veniam-nulla-nobis-ut-laboriosam', NULL, '2007-08-06 01:39:10', '2021-02-07 20:32:25'),
(29, 2, 'Sequi cupiditate et tempora iste nihil eius in tempore.', 'https://lorempixel.com/825/400/cats/?54358', 'Ut facere vero optio unde magni ut. Consequuntur mollitia aut aperiam quia nulla velit. Corporis est illum ipsum laudantium incidunt. Voluptatem explicabo vitae aliquam omnis quam nemo. Aut perferendis adipisci alias at. Sit nemo voluptate sed architecto. Veniam eum possimus et corrupti. Minus inventore autem aut nisi. Aspernatur omnis eius ipsa corporis et. Quae voluptatum rerum quia et molestias rerum. Sit temporibus culpa autem ut. Et eum provident nisi ad ad enim. Et sit ullam debitis libero facilis corporis adipisci. Blanditiis ipsam accusamus quibusdam maxime pariatur. Earum et ducimus voluptatum pariatur animi voluptatem ut reiciendis. Ducimus aut et voluptatibus optio. Atque voluptatem mollitia facere. Illum sequi et eveniet aperiam perferendis.', 0, 1, 'sequi-cupiditate-et-tempora-iste-nihil-eius-in-tempore', NULL, '1999-12-17 00:48:42', '2021-02-07 20:32:25'),
(30, 1, 'Dolor ipsa et optio repudiandae nisi iste nobis dolorem laboriosam enim doloremque.', 'https://lorempixel.com/825/400/cats/?72051', 'Dolor quidem et aliquid eveniet. Non cupiditate velit consectetur rerum perferendis. Occaecati debitis quam dolor et libero neque. Sint asperiores veritatis corporis aut ab perspiciatis. Vel delectus qui odit eum rem. Consequatur qui quia qui sunt similique et omnis et. Tenetur autem et exercitationem quo et. Eum excepturi sint nobis consequatur minima consequatur et. Doloremque beatae et rerum cum nam. Inventore est facilis et. Ducimus voluptas totam est doloribus sed. Fugit dignissimos necessitatibus illo perspiciatis dolorem rem in. Enim nesciunt neque ea illum sit. Ab et distinctio quia corrupti et odio molestiae. Maiores deserunt ullam corrupti eligendi eaque quasi impedit. Quas eos saepe et dolorem a a blanditiis et. Quidem nisi consequatur libero quibusdam quibusdam cumque.', 0, 1, 'dolor-ipsa-et-optio-repudiandae-nisi-iste-nobis-dolorem-laboriosam-enim-doloremque', NULL, '1974-07-20 20:38:10', '2021-02-07 20:32:25'),
(31, 7, 'Numquam quia est delectus veritatis sit quo doloribus aut sequi quia.', 'https://lorempixel.com/825/400/cats/?88011', 'Expedita repudiandae aut sequi repellendus inventore. Esse doloribus laudantium quod. Enim nihil rerum et magnam voluptas labore totam. Neque in doloremque dolore eos voluptatem reprehenderit. Optio consequuntur cumque autem. Omnis tempore ipsa commodi rerum quo architecto omnis. Id atque aspernatur sint eos eius. Quod est aut alias. Quibusdam quia sed a. Cum voluptates et et voluptate illo nihil magnam. Enim dolor et nemo sint praesentium. Sequi et molestiae nihil et. Quia eos aut quo laboriosam voluptas aut. Ut laborum necessitatibus voluptatibus impedit. Ut nostrum et dolorem magnam eos est. Eos aut nostrum tenetur aut numquam sunt. Amet dolor eos quo tempore dicta accusamus.', 0, 1, 'numquam-quia-est-delectus-veritatis-sit-quo-doloribus-aut-sequi-quia', NULL, '1992-10-01 00:39:31', '2021-02-07 20:32:25'),
(32, 1, 'Alias voluptate nihil labore et assumenda laboriosam velit.', 'https://lorempixel.com/825/400/cats/?28238', 'Reprehenderit quia asperiores adipisci inventore impedit earum consequatur. Mollitia occaecati pariatur et. Quidem nisi minus magnam. Eius sed aliquam ipsum veritatis. Occaecati aliquam placeat omnis qui suscipit ea repellat magni. Hic optio sed nihil harum. Consequatur et officiis distinctio non delectus similique. Et eum veniam voluptates. Aut itaque aut voluptatem doloremque numquam aliquid nihil. Facere eveniet non est non. Soluta omnis ut in et nam expedita. Ipsum non sint quia ut tempora illo soluta tempora. Aperiam sunt quod voluptatem cum. Corporis excepturi iste sunt sint. Aut quidem ea saepe voluptatem. Accusantium architecto et qui sapiente. Velit recusandae dolorem ea facere consequuntur voluptatem tempore sed. Doloremque aut voluptatem culpa pariatur repellat debitis unde. Voluptas doloremque quos rerum harum. Non sequi cum aperiam et praesentium illum hic id. Est qui doloribus ut. Aut laudantium quos beatae recusandae eum commodi.', 0, 1, 'alias-voluptate-nihil-labore-et-assumenda-laboriosam-velit', NULL, '2004-10-05 15:09:27', '2021-02-07 20:32:25'),
(33, 5, 'Animi officia veniam deleniti aut ex doloribus ut quae eveniet dolor possimus dignissimos.', 'https://lorempixel.com/825/400/cats/?28507', 'Quo pariatur deleniti harum qui labore architecto velit. Eum recusandae qui cupiditate. Fuga sit ipsum consequatur quidem est veniam rem ducimus. Et aut animi pariatur qui quo doloribus. Et non consectetur ea quaerat. Est nisi minima inventore perferendis. Labore et explicabo voluptas. Eveniet eos ut unde. Illo rerum voluptatem error. Fugit rerum velit quo accusamus animi unde officia. Sequi sapiente repellat eius laboriosam. Deserunt saepe sed repudiandae magni sunt non quia est. In animi in numquam rem enim ut eaque. Quibusdam nulla deleniti deserunt et.', 0, 1, 'animi-officia-veniam-deleniti-aut-ex-doloribus-ut-quae-eveniet-dolor-possimus-dignissimos', NULL, '2003-09-06 11:31:15', '2021-02-07 20:32:26'),
(34, 6, 'Nemo autem sunt ullam hic consequatur cumque corrupti qui labore.', 'https://lorempixel.com/825/400/cats/?90060', 'Dolorem sapiente voluptatem repudiandae aut. Sed ut earum quo amet atque eaque autem optio. Error qui quia expedita quia et. Perferendis officia est autem. Provident enim illum qui temporibus assumenda necessitatibus. Sapiente recusandae repellat est. Rerum porro delectus amet maiores praesentium expedita. Qui et nesciunt ipsum voluptatem. Repellendus veniam voluptas est veritatis. Assumenda expedita vitae sit aut dolor. Iste ipsam sit quas blanditiis vero laudantium aperiam distinctio. Maiores in blanditiis possimus eos totam. Commodi eaque harum voluptate dolorem natus. Dolores nisi incidunt quam quaerat cumque omnis. Nemo dolor aperiam nihil aut error sunt molestiae. Nobis nisi illum voluptas. Qui vel quae id doloremque consectetur. Autem sint doloribus fugiat nihil. Doloremque ea occaecati atque tenetur. Eveniet eaque necessitatibus consectetur recusandae at.', 0, 1, 'nemo-autem-sunt-ullam-hic-consequatur-cumque-corrupti-qui-labore', NULL, '2017-01-24 03:54:23', '2021-02-07 20:32:26'),
(35, 2, 'Ut rerum eaque libero fugit animi est exercitationem.', 'https://lorempixel.com/825/400/cats/?70830', 'Error repudiandae aperiam a aliquid non deleniti voluptas. Sit reprehenderit perferendis consectetur iste sit vitae architecto. Perferendis unde dolorem molestiae eaque eveniet voluptatem incidunt nobis. Dolore voluptatem soluta laudantium et soluta. Et dolores qui ea iusto. Itaque sed laboriosam est culpa. Vel perspiciatis rerum quas aut est numquam dolorem. Saepe facilis accusantium assumenda earum omnis sit ut. Autem iusto ullam vero blanditiis. Eum doloremque unde earum inventore. Dolores dolorem eos aliquid doloribus officiis maxime modi. Non porro natus facilis perspiciatis necessitatibus exercitationem natus. Non et maxime repellendus. Doloremque fugiat quod accusamus. Blanditiis consectetur rerum voluptate cumque rem. Ea ea nisi deleniti ut et voluptatibus. Fuga ipsam et explicabo architecto eum. Totam nihil cum et autem esse sit. Et veniam neque rerum. Ipsum at quis et dicta neque. Eum officiis tempore distinctio aliquam eos libero vero. Ea nisi blanditiis ad aut.', 0, 1, 'ut-rerum-eaque-libero-fugit-animi-est-exercitationem', NULL, '1989-12-19 02:33:14', '2021-02-07 20:32:26'),
(36, 7, 'Modi consectetur aperiam dolores ab at atque.', 'https://lorempixel.com/825/400/cats/?74539', 'Illum doloremque id qui eos eius excepturi. Delectus voluptatum molestiae hic perferendis. Voluptatem quae qui aliquam et minima. Velit unde dicta tempora quos. Dolore voluptas optio est sed. Omnis aliquam sed dolor nemo. Aut ut est aliquam. Accusantium neque eligendi quisquam explicabo repellat. Est repellat sed dolorem unde cupiditate enim veritatis. Ducimus perferendis similique fuga eaque ducimus ea. Consequuntur similique qui dolorem quod magni minima rerum. Nemo nam qui quisquam illum nulla eos. Iusto aut odit eos dolorem nemo quisquam eum quo. Est esse aut omnis similique aliquid. Esse tempore saepe provident perferendis ut. Magnam quos et veritatis voluptatem nisi natus. Alias et temporibus possimus et et est nam. Voluptatem consequatur tenetur aspernatur fugiat asperiores. Minus ut odit veniam ut iste unde. Eum voluptatem amet non et recusandae aliquam sint. Dolores dolorem ea provident et nostrum quae.', 0, 1, 'modi-consectetur-aperiam-dolores-ab-at-atque', NULL, '1971-06-27 22:33:41', '2021-02-07 20:32:26'),
(37, 2, 'Laudantium temporibus asperiores fuga molestias ducimus dolorem.', 'https://lorempixel.com/825/400/cats/?71660', 'Dicta excepturi soluta rerum saepe et provident consequatur. Labore quia possimus molestias porro possimus fugit et. Fugit sunt itaque aliquid soluta. Optio est occaecati aut sed debitis explicabo numquam. Eos reprehenderit sint unde sit quod qui consequatur. Et reprehenderit minus eaque vel. Alias molestias commodi esse earum excepturi tempora id accusantium. Est magni ex est excepturi culpa iusto ut iusto. Quia suscipit rerum ut et nobis similique occaecati. Et iure tempore reprehenderit. Sunt accusantium est magnam. Nihil quae autem in suscipit.', 0, 1, 'laudantium-temporibus-asperiores-fuga-molestias-ducimus-dolorem', NULL, '2004-03-10 07:47:41', '2021-02-07 20:32:26'),
(38, 4, 'Ratione voluptate consequuntur amet soluta illum repellat quisquam.', 'https://lorempixel.com/825/400/cats/?22346', 'Voluptatem fugit sapiente iste aut tenetur est blanditiis. Voluptatibus in alias molestias totam. Sint quasi dolore facere unde. Dolorum natus omnis excepturi laborum est. Fugit voluptatibus id nobis dolor nemo et adipisci. Perspiciatis voluptas esse ut eum reprehenderit nihil. Sunt molestiae esse et ad et quia aperiam quos. Tempore est maiores minus laudantium autem dolor unde. Voluptas nulla quos dolorem sapiente sed provident. Deserunt voluptatum molestias enim eos error voluptatem omnis. Pariatur dolorem soluta ut laborum enim quia praesentium. Iste explicabo et vel ratione non id. Sit accusamus reprehenderit quaerat eius error omnis facilis laboriosam. Sequi et quia consequatur. Necessitatibus praesentium consequatur blanditiis est et in dolor nemo. Quia unde veniam tempora ratione et non. Voluptatem omnis deserunt voluptatibus occaecati beatae id ut. Ipsam nihil dolor eos esse. Eaque quo pariatur ut autem aut.', 0, 1, 'ratione-voluptate-consequuntur-amet-soluta-illum-repellat-quisquam', NULL, '1975-06-30 10:23:52', '2021-02-07 20:32:26'),
(39, 5, 'Excepturi asperiores molestiae alias aliquam quaerat impedit et.', 'https://lorempixel.com/825/400/cats/?39485', 'Molestiae ut quaerat voluptatem reiciendis laudantium. Ratione quidem voluptas quaerat dolore itaque quae architecto id. Et et quibusdam enim exercitationem. Ad cum doloremque est nesciunt rem. Quaerat neque excepturi sed. Aut deleniti placeat dolorem dolor quibusdam. Pariatur qui quisquam voluptates debitis qui. Ipsa voluptas non enim at. At maxime dolor est nostrum accusantium ad itaque ipsum. Quia dolore excepturi sit omnis aut a aut. Quas amet doloribus incidunt labore dicta nesciunt explicabo modi.', 0, 1, 'excepturi-asperiores-molestiae-alias-aliquam-quaerat-impedit-et', NULL, '1995-02-27 02:21:21', '2021-02-07 20:32:26'),
(40, 7, 'Repellat accusamus inventore et laudantium aut id est repellendus debitis.', 'https://lorempixel.com/825/400/cats/?70335', 'Eum itaque animi error totam rerum voluptate corporis. Consequatur quo quae et quibusdam non. Numquam ut voluptas est voluptate quia. Necessitatibus dolor consequatur quas qui velit doloremque voluptas perferendis. Totam reiciendis voluptatem maiores iste numquam quis in. Quisquam facilis qui libero non amet autem. Est sequi iusto maxime voluptas minima. Qui molestiae repudiandae sed eum quaerat. Voluptates et sunt voluptatem natus. Facere provident nisi eos nostrum. Omnis officia vel voluptatem quasi culpa. Id quam voluptatibus eveniet hic accusantium quibusdam.', 0, 1, 'repellat-accusamus-inventore-et-laudantium-aut-id-est-repellendus-debitis', NULL, '1988-08-31 06:48:48', '2021-02-07 20:32:26'),
(41, 5, 'Nobis omnis quaerat id molestiae cupiditate officiis et.', 'https://lorempixel.com/825/400/cats/?43288', 'Aspernatur modi quia non expedita nisi. Enim voluptatem similique ipsum minima iusto neque consequatur ullam. Quod omnis sit et et aut. Quos quia quia et id. Voluptatem modi quis illum laudantium voluptates. Voluptatem aut explicabo cum quo amet consequatur fugit. Omnis accusamus voluptatibus voluptates atque alias eius impedit. Nam quas voluptate magnam iure. Explicabo reprehenderit voluptatem rerum omnis cupiditate perspiciatis aliquam consequuntur. Possimus nisi expedita blanditiis inventore officiis ab assumenda. Sed sit voluptatum et aspernatur veniam. Corrupti ut necessitatibus quaerat veniam. Quia neque rem dolorem ipsa nesciunt animi. Aut fugit similique dolor deserunt nulla et. Aut quos nobis magni libero optio distinctio. Sed iure voluptas facere ullam. Sed blanditiis quia qui.', 0, 1, 'nobis-omnis-quaerat-id-molestiae-cupiditate-officiis-et', NULL, '1975-02-10 00:36:10', '2021-02-07 20:32:26'),
(42, 4, 'Id quo tenetur cumque deserunt dolorum repudiandae aut.', 'https://lorempixel.com/825/400/cats/?36447', 'Quam aut ut eum incidunt qui. Aliquid repellendus similique fugit eum et cum aut. A rerum voluptatem consequatur repudiandae et. Error laboriosam corrupti aut laboriosam et. Et numquam veritatis eius sed eligendi. Voluptate similique voluptas eligendi quas dolores cumque rerum illum. Alias odit debitis tenetur beatae modi voluptatibus impedit. Est magnam distinctio quo autem tempore. Voluptate id et natus itaque. Voluptate nemo ipsam quidem ut veniam. Ipsam nulla modi corporis est ut tempora dolore. Et quia eum nesciunt accusantium quia saepe. Corporis vel fuga dolore voluptatem voluptas quaerat. Totam harum vel illum voluptas qui dolorum quaerat omnis. Et ullam odio voluptates optio adipisci ipsam quisquam cupiditate. Fugit placeat nam quis velit id facere atque. Porro deserunt et quas nostrum alias voluptas.', 0, 1, 'id-quo-tenetur-cumque-deserunt-dolorum-repudiandae-aut', NULL, '2014-05-19 00:33:04', '2021-02-07 20:32:26'),
(43, 4, 'Quaerat libero eum soluta veritatis beatae similique nulla enim quia quaerat rem fuga.', 'https://lorempixel.com/825/400/cats/?77777', 'Nisi quia fuga repellendus assumenda sunt ut facilis enim. Quasi sint aut quia eveniet qui. Perferendis autem omnis suscipit. Sed eos magnam libero. Occaecati totam et non ut repudiandae. Voluptatibus non sunt et corporis id impedit. In corporis tempora eum beatae autem pariatur. Consequatur est et aliquid porro dolor. Eligendi iusto eaque cum harum. Minima provident architecto tenetur molestias atque. Laboriosam aliquam optio velit tempore veniam molestiae omnis. Totam delectus necessitatibus odit repudiandae necessitatibus nam. Quia magni nobis expedita neque id sed modi. Non quo iste et illum ipsam iusto. Consectetur officiis voluptatem minima et necessitatibus repudiandae. Tempore inventore quae recusandae ipsam adipisci in distinctio. Qui ut temporibus omnis omnis consequatur sit repellendus cum. Aliquam voluptatem explicabo doloribus est ut. Veniam aliquid ab sed sapiente. Inventore porro architecto et qui. Enim est dolores eius sint quas explicabo maiores. Eius qui aperiam nostrum pariatur libero.', 0, 1, 'quaerat-libero-eum-soluta-veritatis-beatae-similique-nulla-enim-quia-quaerat-rem-fuga', NULL, '1998-04-06 18:20:55', '2021-02-07 20:32:26'),
(44, 4, 'Laudantium pariatur omnis quos magnam omnis inventore velit molestiae.', 'https://lorempixel.com/825/400/cats/?59440', 'Corrupti voluptatem et dolorem. Debitis voluptas non aliquam earum. Ea incidunt consequatur consequatur itaque dolor magni. Sapiente consectetur sed molestiae sunt quis aspernatur eius sed. Accusamus totam nihil non et. Molestiae sit ab eveniet illum fugit temporibus. In culpa aut est alias aut. Quis eveniet ullam quae culpa facere aliquam. Voluptatem quia voluptatem sed sapiente deserunt et. Ipsa eos eum distinctio recusandae et voluptas. Incidunt dolore quia quaerat culpa odio. Nihil atque distinctio laudantium consequatur quod explicabo vitae. Iste qui quia ad iusto non maxime deleniti. Tenetur expedita facilis sed consequuntur. Quas tempora excepturi aut. Assumenda sequi quis quo placeat neque similique.', 0, 1, 'laudantium-pariatur-omnis-quos-magnam-omnis-inventore-velit-molestiae', NULL, '1971-02-23 18:02:48', '2021-02-07 20:32:26'),
(45, 2, 'Recusandae eos possimus et quo et sint animi excepturi similique nostrum voluptatibus ut non.', 'https://lorempixel.com/825/400/cats/?27724', 'Ipsa ut libero veritatis maiores ratione quis qui. Voluptatem rerum quae aut quia eius. Quaerat qui commodi magnam omnis cum reiciendis natus. Quia voluptate non et ratione laboriosam natus unde. Et similique et ratione. Nesciunt repellendus similique blanditiis nihil et eum vel. Quia ab laudantium harum earum. Qui fugit labore modi alias ab. Facilis at ut et tenetur eligendi. Sit aperiam ducimus doloremque quo saepe omnis. Laudantium qui qui officiis mollitia. Eius qui sint ut at. Molestiae maxime architecto molestiae assumenda. Dolor praesentium quia sint rerum nisi. Dicta saepe nisi repudiandae dignissimos. Repellendus eius dicta quisquam maiores dolores.', 0, 1, 'recusandae-eos-possimus-et-quo-et-sint-animi-excepturi-similique-nostrum-voluptatibus-ut-non', NULL, '1980-06-21 09:31:07', '2021-02-07 20:32:26'),
(46, 7, 'Repudiandae quasi autem praesentium illum quam accusantium consequatur fugit ullam dolores.', 'https://lorempixel.com/825/400/cats/?94466', 'In eos et nihil vitae fuga nisi fugit. Earum voluptas sequi non aut sint aut magnam. Quia est impedit eveniet et qui. Ab expedita est aut fugit autem. Rerum earum est est est quo rerum. Enim omnis esse nostrum eum aut expedita. Ab praesentium aut ut cum at quia et. Facilis maxime asperiores autem laudantium architecto. Ut consequatur rerum minus debitis aspernatur libero. Velit sit et non tempore ea qui dolorum. Doloremque dolores odio natus delectus. Quia esse rerum alias labore enim natus. Rem corrupti ex ut voluptatem et. Aut temporibus facilis tenetur delectus enim. Sunt nemo commodi voluptas velit voluptates eveniet.', 0, 1, 'repudiandae-quasi-autem-praesentium-illum-quam-accusantium-consequatur-fugit-ullam-dolores', NULL, '1974-11-09 18:46:39', '2021-02-07 20:32:26'),
(47, 5, 'Quisquam est ducimus distinctio deleniti minus dolor voluptas.', 'https://lorempixel.com/825/400/cats/?19899', 'Similique velit eius est porro soluta quia. Hic et perferendis eaque impedit consequuntur. Voluptas ut et commodi sapiente repellendus quis. Ut minima consequuntur et molestias maxime perspiciatis repellat. Magni voluptas non est repellendus consequatur odio voluptates. Non consequatur eaque dolorum architecto consequatur ut. Eaque est voluptatum est aut. Nulla necessitatibus earum est nesciunt. Natus omnis eaque quibusdam aut culpa. Sit dolor dolor repellendus numquam quia molestiae quam. Mollitia commodi recusandae consequatur dignissimos. Porro qui rem ipsum voluptatibus. Eos at aperiam odit et molestiae architecto ea. Neque iusto in eos officia et molestiae fugiat. Molestiae voluptatem sapiente et ut omnis est.', 0, 1, 'quisquam-est-ducimus-distinctio-deleniti-minus-dolor-voluptas', NULL, '2014-11-27 10:08:33', '2021-02-07 20:32:26'),
(48, 3, 'Doloremque quidem ullam quae ad dolores non dolorum molestias quia.', 'https://lorempixel.com/825/400/cats/?78365', 'Temporibus deleniti ex culpa rerum nam ut aut. Non sint necessitatibus dolorem repellat aspernatur voluptates. Enim dolores ipsa sint dolorem aut tempora vel. Quam neque exercitationem sint ut deleniti inventore. Eum officiis fugiat facilis consequuntur temporibus. Officiis animi ullam tenetur. Est quia quos voluptatem in dolorem neque odio. Ipsam repudiandae animi non culpa rem. Voluptatem totam omnis ut beatae ducimus. Sit aut sed in. Sunt sunt explicabo et. Ut quod excepturi et sunt. Odit totam ipsa reprehenderit necessitatibus. Laudantium qui magnam eaque voluptatem voluptatem aut eius. Ipsum eos non sunt iusto ipsum error explicabo. Dicta qui omnis ipsum natus iste praesentium ullam. Harum necessitatibus sed porro consequuntur ut voluptatem. Asperiores sed sit quia voluptas enim at iste.', 0, 1, 'doloremque-quidem-ullam-quae-ad-dolores-non-dolorum-molestias-quia', NULL, '2007-06-29 15:54:48', '2021-02-07 20:32:26'),
(49, 4, 'Facere possimus harum mollitia et fuga dolore illum sed et rerum rerum consequatur.', 'https://lorempixel.com/825/400/cats/?33297', 'Aspernatur mollitia qui sit quasi ut error laudantium neque. Delectus laudantium repellendus quia quam. Quibusdam non hic atque perferendis quod. Et at ut mollitia temporibus modi. Amet et rem consectetur laboriosam qui voluptatem omnis. Est rerum ut id enim minus. Voluptatem unde ipsa est quaerat nihil sint qui. Aut nesciunt quasi in odio a. Distinctio dolorem voluptas facere quas omnis blanditiis. Tempora suscipit tempore et aut natus et temporibus repudiandae. Atque voluptates deleniti odio consequatur. Voluptas doloribus ab sed quibusdam. Similique dolor rem nihil cupiditate in quia et. Et voluptatem omnis sit itaque non omnis. Totam dolorem est ut dolor nisi culpa. Quasi non et architecto qui et. Labore voluptates sed quos asperiores commodi hic. Perferendis corrupti ut rerum id maiores vel commodi eum.', 0, 1, 'facere-possimus-harum-mollitia-et-fuga-dolore-illum-sed-et-rerum-rerum-consequatur', NULL, '2009-01-27 00:54:04', '2021-02-07 20:32:26'),
(50, 4, 'Voluptatem occaecati provident quia veniam nobis in deleniti non sunt voluptates ea omnis.', 'https://lorempixel.com/825/400/cats/?32825', 'Eos voluptates earum dolor quia. Ipsum assumenda fuga repellendus dolorem quisquam ut consequatur corrupti. Cumque iusto omnis provident ut dicta. Expedita incidunt quibusdam officia ducimus veritatis. Enim porro iure accusantium veniam. Et ut provident deleniti. Temporibus natus repudiandae hic aspernatur dolor delectus dolores. Aliquid harum eum vero quas accusantium autem labore voluptatem. At dolor eos ipsam est. Quaerat et dicta harum aut optio qui. Quibusdam rerum mollitia eveniet sapiente natus error. Sint quasi ad veritatis ut neque. Consequatur voluptatem distinctio voluptas. Illo qui illum voluptatem. Aperiam magni est at illum labore qui.', 0, 1, 'voluptatem-occaecati-provident-quia-veniam-nobis-in-deleniti-non-sunt-voluptates-ea-omnis', NULL, '2005-04-09 00:07:03', '2021-02-07 20:32:26');
INSERT INTO `articles` (`id`, `category_id`, `title`, `image`, `content`, `hit`, `status`, `slug`, `deleted_at`, `created_at`, `updated_at`) VALUES
(51, 7, 'Aut dolorum et nemo repellat ut fugit aut repellat doloribus perferendis dolores.', 'https://lorempixel.com/825/400/cats/?49766', 'Quam perspiciatis eos itaque nihil est. Aliquam rerum odit et odio. Modi odit et laudantium sunt delectus. Et et reiciendis doloremque. Omnis expedita sapiente aut enim autem. Ad officiis similique et iusto quam eum ad quidem. Nemo et quasi est tempora. Sint est qui ut ut. Earum asperiores illum laboriosam debitis. Quis nesciunt omnis sequi minima.', 0, 1, 'aut-dolorum-et-nemo-repellat-ut-fugit-aut-repellat-doloribus-perferendis-dolores', NULL, '2009-07-16 01:56:01', '2021-02-07 20:32:26'),
(52, 7, 'Sunt rem ratione aut consequatur aliquam numquam nihil eum quisquam.', 'https://lorempixel.com/825/400/cats/?58015', 'Dicta neque perferendis nostrum hic reprehenderit est dolore. Quia qui illo eligendi blanditiis enim sunt non. Ut quibusdam blanditiis ab placeat autem vel omnis. Vero omnis magnam commodi et. Fuga quia veritatis repudiandae necessitatibus voluptate illum non. Mollitia libero expedita laboriosam. Quisquam doloremque sint aut cumque qui necessitatibus. In ut autem omnis molestiae iste similique. Excepturi aut dignissimos sunt ipsa et. Dolore eos eaque veritatis necessitatibus eum ab. Saepe et autem distinctio dolores rerum. Nesciunt sed in odio magnam. Saepe vel hic hic tempora. Et aut vitae officiis minima et expedita dolorum quasi. Pariatur similique molestiae quos esse. Saepe ratione dolorem hic vel. Et aut quasi delectus. Impedit assumenda nemo atque alias itaque. Pariatur vel eum rerum corrupti cumque. Laboriosam id doloribus debitis eum.', 0, 1, 'sunt-rem-ratione-aut-consequatur-aliquam-numquam-nihil-eum-quisquam', NULL, '2005-08-25 01:21:45', '2021-02-07 20:32:26'),
(53, 1, 'Dolorem et sint sit voluptas laborum nostrum aliquam adipisci nam est explicabo.', 'https://lorempixel.com/825/400/cats/?98989', 'Et quo odit asperiores. Ea ut cum optio. Et dolorem voluptatibus facere aut eligendi corrupti. Omnis occaecati consequatur eos pariatur nostrum voluptas nisi. At libero atque saepe eligendi beatae. Qui saepe et pariatur voluptatem. Incidunt facilis necessitatibus aspernatur aut. Aut facilis quis voluptas in ut est eius distinctio. Vel consequatur quo nihil delectus. Vero nostrum explicabo quae sed. Nulla ad sint officiis vel. Iste eveniet iste sit tenetur. Excepturi vel voluptatem eius. Aliquid fuga iusto laboriosam molestiae voluptates praesentium. Sit dolores et dolore. Non nam laboriosam voluptatibus libero. Totam quibusdam officiis nostrum nam sint. In adipisci nihil et voluptates eos dolore illum. Et reprehenderit excepturi est architecto aut similique. Quis velit quia et voluptates velit. Odit ea quis est natus.', 0, 1, 'dolorem-et-sint-sit-voluptas-laborum-nostrum-aliquam-adipisci-nam-est-explicabo', NULL, '2017-07-31 06:11:27', '2021-02-07 20:32:26'),
(54, 2, 'Ipsam quia id autem praesentium soluta vitae maxime architecto reprehenderit sit eligendi.', 'https://lorempixel.com/825/400/cats/?76081', 'Aliquid asperiores nihil incidunt cum consequatur dolorem voluptas. Incidunt nulla explicabo in quibusdam qui ut. Eaque consectetur eveniet tempora ut ea molestias voluptas dolorem. Minus tempora facere qui. Voluptatem praesentium est officiis similique omnis rerum. Maxime omnis deleniti itaque ea eum explicabo beatae. Vitae exercitationem non voluptatem error magni. Voluptatem blanditiis sed dolorum facere. Quis molestiae eos unde necessitatibus voluptatum voluptas. Eligendi a commodi dolorum quia aut id facilis. Placeat sunt laborum modi voluptas vel. Qui non est corrupti qui.', 0, 1, 'ipsam-quia-id-autem-praesentium-soluta-vitae-maxime-architecto-reprehenderit-sit-eligendi', NULL, '2020-12-10 21:24:12', '2021-02-07 20:32:26'),
(55, 3, 'Similique et aspernatur et consequuntur repellat sit unde iure ratione.', 'https://lorempixel.com/825/400/cats/?15817', 'Aut ipsa adipisci eum sit recusandae. Repellendus minima explicabo quidem non. Id amet quod autem non. Itaque qui occaecati quibusdam dolorem. Sunt qui veritatis aperiam. Sunt sed facilis excepturi vel impedit accusantium facilis. Veniam vero unde voluptates ut rem quia. Perspiciatis adipisci eum magni porro. Dignissimos consectetur tempora unde omnis. Nulla molestiae ut repudiandae dolores id nisi aliquam. Alias tempora cum itaque ratione possimus. Ea vel illo rem molestiae reprehenderit eaque et. Magnam eveniet facere quis nemo ut sunt. Eligendi sed exercitationem cumque sequi. Quas repellat possimus quia perferendis temporibus nisi. Sapiente asperiores est quibusdam. Ducimus deleniti excepturi ullam sunt. Beatae provident autem veritatis aliquam quo veritatis alias. Explicabo omnis qui qui odio voluptas. Hic at quas et et sint id rerum. Sapiente et blanditiis amet iure ut qui.', 0, 1, 'similique-et-aspernatur-et-consequuntur-repellat-sit-unde-iure-ratione', NULL, '2009-05-05 10:36:05', '2021-02-07 20:32:26'),
(56, 7, 'Itaque et magni non omnis voluptatem doloribus qui aut.', 'https://lorempixel.com/825/400/cats/?38246', 'Reprehenderit necessitatibus consectetur optio cumque nisi nemo. Suscipit ab ut est iusto qui. Iusto tempore eveniet non consequatur occaecati modi aperiam. Quod sint est veniam ut deleniti quia. Eaque earum corporis perferendis qui dolorem. Qui maxime hic eius dolorem sequi corporis reiciendis porro. Culpa deserunt autem dolorem repellat quas voluptate excepturi. Error non eius non et. Repellendus id consequatur quia placeat debitis. Vel praesentium sit rerum autem placeat et vitae. Unde iure minima libero dolor optio doloremque suscipit. Quam quae et quae repudiandae quasi.', 0, 1, 'itaque-et-magni-non-omnis-voluptatem-doloribus-qui-aut', NULL, '1990-12-10 09:02:21', '2021-02-07 20:32:26'),
(57, 2, 'Fugit cumque quia perspiciatis qui sed nostrum ut minus eum mollitia repudiandae.', 'https://lorempixel.com/825/400/cats/?44043', 'Corporis et quasi qui dolor itaque blanditiis distinctio. Quis saepe aliquam totam aut numquam a. Aliquid voluptatem quo ex omnis ipsam qui magni. Consequatur ratione voluptatum laborum. Ut enim qui est. Vel qui inventore ut eveniet et. Autem qui vitae enim quisquam asperiores. Sed quam vitae odio iste qui voluptatem. Dolorem consequatur libero voluptas. Exercitationem est esse dolore aut. Magnam voluptas est cupiditate modi rerum. Quos et velit culpa quia. Consectetur quas qui voluptatum quasi. Enim eos sed vel fugit enim at culpa. Ab numquam nesciunt ratione nostrum nemo rerum. Laborum quia possimus cumque sit sint at odit. Veniam ut nobis dolor quia asperiores illo. Ea exercitationem minus facere necessitatibus occaecati est assumenda nesciunt. Nostrum maxime delectus quia quia ipsa consequatur. Dolore dolor expedita maxime eaque tempore quis.', 0, 1, 'fugit-cumque-quia-perspiciatis-qui-sed-nostrum-ut-minus-eum-mollitia-repudiandae', NULL, '1997-07-02 07:01:00', '2021-02-07 20:32:27'),
(58, 4, 'Ratione asperiores nam ut excepturi qui neque et sed et corporis perferendis quis velit.', 'https://lorempixel.com/825/400/cats/?71254', 'Sunt nihil et et ut libero. Quia dolorem autem sit. Vel voluptates et recusandae adipisci nemo. Odio quo rerum nam corrupti rem magni iste autem. Non commodi non in ad minima blanditiis aliquid. Rerum blanditiis sed quam sunt similique doloremque. Eum voluptas sit ratione inventore. Dolorem consectetur voluptatem molestias quia. Aut corporis aut laboriosam. Deserunt et qui itaque hic odit nemo. Aut reprehenderit accusantium odit sed. Repudiandae et debitis quae nam maiores laudantium. Ipsam ab nisi omnis. Dicta atque similique quia vitae corrupti expedita. Sunt architecto eaque saepe. Expedita et similique necessitatibus perferendis harum enim qui. Quam qui amet ut consectetur accusantium. Autem consequuntur esse assumenda ad qui consequuntur rerum. Sed aut laborum rerum voluptatibus qui ex.', 0, 1, 'ratione-asperiores-nam-ut-excepturi-qui-neque-et-sed-et-corporis-perferendis-quis-velit', NULL, '1984-10-05 13:06:29', '2021-02-07 20:32:27'),
(59, 2, 'Quis quia nulla mollitia repellendus et inventore unde aut.', 'https://lorempixel.com/825/400/cats/?77700', 'Consectetur quis ullam sed voluptatem earum. Ex voluptatum ratione consequuntur aut exercitationem fuga. Dignissimos maxime quia consequatur eaque vero. Explicabo id voluptas est labore. Vero libero molestiae et exercitationem deleniti. At quos possimus neque exercitationem magni corrupti. Aut praesentium sint vero voluptas. In at debitis et porro. Esse cumque architecto placeat natus ad ut molestias. Cupiditate quia deserunt doloribus porro officia. Adipisci sit et repudiandae fugit nam nihil. Sit est ducimus incidunt. Ut sed officia autem similique perferendis maxime quia.', 0, 1, 'quis-quia-nulla-mollitia-repellendus-et-inventore-unde-aut', NULL, '1994-03-05 04:31:05', '2021-02-07 20:32:27'),
(60, 1, 'Harum eaque maxime accusantium quia vel et voluptatem exercitationem deleniti qui magni inventore.', 'https://lorempixel.com/825/400/cats/?31008', 'Beatae ullam qui debitis in. Veritatis nihil commodi quibusdam quia dolor maiores. Omnis nisi qui ut non corrupti perspiciatis non eos. Et excepturi quia alias voluptatum qui qui. Non id molestias minus ipsum quo et. Deleniti dolorem et ut voluptate nesciunt. Qui qui est quasi voluptas eum. Exercitationem ab odit impedit maxime est et et. Commodi aperiam at quibusdam ullam ab minus necessitatibus dolores. Accusantium iusto consequatur velit officia modi et. Facilis est inventore provident ea repudiandae eius omnis. Placeat nemo tempore molestias non animi. Dicta laudantium molestiae expedita soluta vel pariatur. Fuga suscipit harum dignissimos perferendis. Sit sed ea tempora. Sint asperiores hic et quisquam quia et.', 0, 1, 'harum-eaque-maxime-accusantium-quia-vel-et-voluptatem-exercitationem-deleniti-qui-magni-inventore', NULL, '2011-11-29 18:10:02', '2021-02-07 20:32:27'),
(61, 5, 'Soluta aut est aperiam rerum eum earum dolorem.', 'https://lorempixel.com/825/400/cats/?24578', 'Enim consequatur in consectetur qui odio. Atque veritatis tenetur fugiat. Voluptatem eligendi ex ducimus sit autem. Aut architecto autem blanditiis laboriosam consectetur. Aliquam est quis ratione ullam aspernatur sed voluptate. Vitae voluptatem vel facere quidem. Vel voluptas inventore quia porro. Dolor facilis distinctio ut consequatur est. Doloribus amet rem est atque minus voluptas qui. Sunt et corrupti aut quas quia sit. Alias cumque et amet libero consequuntur est sit suscipit.', 0, 1, 'soluta-aut-est-aperiam-rerum-eum-earum-dolorem', NULL, '1976-07-20 10:23:43', '2021-02-07 20:32:27'),
(62, 2, 'Beatae quo temporibus non sed est totam enim ea deserunt.', 'https://lorempixel.com/825/400/cats/?89756', 'Molestias magnam tempore libero. Nulla eos accusamus aut similique corrupti labore. Ipsa voluptas et magnam non quis dignissimos et illo. Aspernatur rerum dolor qui corrupti. Consequatur quis porro dolores ex dicta. Velit deleniti nulla quam voluptatem. Quae labore dolor sit quaerat natus ut omnis. Esse illum alias aspernatur quibusdam porro beatae perspiciatis nam. Et reiciendis eum sapiente placeat rerum. Delectus totam voluptatem qui dolorem. Aut eos inventore unde quos voluptate.', 0, 1, 'beatae-quo-temporibus-non-sed-est-totam-enim-ea-deserunt', NULL, '1999-02-11 11:49:46', '2021-02-07 20:32:27'),
(63, 2, 'Ab aut magnam aperiam inventore pariatur fugiat corporis fugit.', 'https://lorempixel.com/825/400/cats/?52731', 'Sit officia provident vitae molestias facilis ducimus eos nam. Tempore alias sit praesentium tempore. Harum incidunt pariatur tenetur quis ad neque alias. Rerum laborum exercitationem cumque consequatur id a. Deleniti minus et odio dolores illo et quis tenetur. Et nihil mollitia hic voluptatem explicabo sed aperiam qui. Commodi provident fugiat qui. Magni dolorem quaerat voluptatem amet qui debitis. Temporibus maxime autem assumenda at repellendus quam impedit vel. Et quia soluta omnis omnis maxime minima. Tempora vero consequatur aspernatur omnis. Dolore labore esse sed quidem incidunt non. Enim provident fugiat voluptatum autem porro sapiente. Et necessitatibus facilis nesciunt et ipsum. Necessitatibus omnis et rerum occaecati. Unde dicta et eligendi delectus laborum minus. Praesentium ab est cupiditate omnis corrupti. Sunt eos et adipisci illum et. Aut totam corrupti omnis voluptatem ut.', 0, 1, 'ab-aut-magnam-aperiam-inventore-pariatur-fugiat-corporis-fugit', NULL, '2012-04-11 23:14:08', '2021-02-07 20:32:27'),
(64, 2, 'Consequatur dolores velit asperiores doloribus et accusamus.', 'https://lorempixel.com/825/400/cats/?22203', 'Facilis culpa dolor dolorem sit numquam. Animi magnam ut temporibus labore sunt repudiandae neque. Consequuntur voluptate distinctio dolor sequi itaque est. Necessitatibus ea iste assumenda fugit. Consequatur aut rem maxime eum dolor voluptatem ut. Impedit corporis ex qui non vel soluta. Voluptas aut autem veritatis numquam atque sapiente. Quia consequatur laborum culpa soluta odio. Perspiciatis inventore fugit autem minima at nulla aliquam. Omnis ratione est et reiciendis dicta. Nisi iusto amet et magni aut doloremque. Officiis et maiores maxime quis. Repellendus voluptates esse nobis et et eum. Maiores iure natus est dolorum ipsum commodi est. Eos fugiat non id. Vero et et quia in. Dolorem deleniti inventore consequatur et et. Voluptatibus perspiciatis officiis molestiae eveniet. Eveniet quia similique earum. Aut commodi vel saepe id dolor sint. Quis eligendi alias aliquam consequatur.', 0, 1, 'consequatur-dolores-velit-asperiores-doloribus-et-accusamus', NULL, '1997-11-21 22:13:47', '2021-02-07 20:32:27'),
(65, 2, 'Exercitationem omnis error quaerat ipsam ut officia.', 'https://lorempixel.com/825/400/cats/?14381', 'Officiis unde sint dolores voluptatem perferendis nesciunt repellendus. Iure velit rem et aut ut nemo non. Et voluptatem atque aut. Optio delectus hic qui itaque quia tenetur et. Eligendi voluptatem aut omnis. Aperiam totam placeat impedit est necessitatibus ut. Id cupiditate eos quia neque. Officia a explicabo aut. Aut neque magnam est qui sunt officia. Et iure eius iure velit quis saepe. Distinctio eos ratione quo dolor. Soluta est culpa omnis ducimus ad harum enim. Architecto consequatur iusto qui saepe beatae deserunt. Consequuntur sint qui omnis magni officiis. Praesentium non culpa sit error dolorum. Et ipsam et omnis eveniet dolorum impedit. Natus enim numquam magni iure assumenda dolore necessitatibus. Illo repellat similique placeat. Sed adipisci id quos. Assumenda rerum sit ut quaerat nisi ab est.', 0, 1, 'exercitationem-omnis-error-quaerat-ipsam-ut-officia', NULL, '2020-08-23 09:58:01', '2021-02-07 20:32:27'),
(66, 6, 'Ea ea ut voluptas natus omnis placeat voluptas aspernatur explicabo consequatur voluptatum accusamus fuga.', 'https://lorempixel.com/825/400/cats/?21979', 'Nam consequuntur ipsum modi sed. Et dolorum ad est praesentium unde doloribus. Ut quaerat impedit qui modi sed. Velit quae ullam laborum exercitationem voluptatibus voluptatem distinctio. Ab ea nesciunt dolores maxime numquam omnis. Sit aut rerum vel voluptatum. Assumenda soluta exercitationem illo. A quia accusantium fugit illum repellendus atque qui placeat. Inventore aut alias maxime magnam. Impedit voluptatem qui voluptatibus repellendus nobis. Voluptatem autem praesentium aliquid corporis repellat. Eos et eveniet dolores et culpa magni tempore. Doloremque consectetur officiis voluptatem animi unde sed. Expedita et maxime tenetur. Consequatur eum et nihil dignissimos eos officiis enim. Sit quas et explicabo reiciendis voluptatem in est. Id alias architecto velit aut. Molestias et rerum accusamus consectetur. Nesciunt est dolorem nostrum assumenda perspiciatis voluptate.', 0, 1, 'ea-ea-ut-voluptas-natus-omnis-placeat-voluptas-aspernatur-explicabo-consequatur-voluptatum-accusamus-fuga', NULL, '1991-08-01 17:47:29', '2021-02-07 20:32:27'),
(67, 1, 'Quo dolor atque voluptas facere occaecati quasi reiciendis.', 'https://lorempixel.com/825/400/cats/?83986', 'Dignissimos asperiores sit ex error. Veritatis eum eum voluptatibus ut voluptatem et corrupti. Qui architecto magni sapiente at neque. Minus eos error voluptatem maxime quaerat ut laudantium. Est ut corrupti explicabo quia ut voluptatem. Beatae blanditiis ipsam quae pariatur suscipit. Totam aut amet aut incidunt odio amet ad. Nihil consequatur placeat id nobis eos harum quo nobis. Ut animi accusamus dolores ut ab et velit. Dolorum aperiam quis sit doloribus iure expedita distinctio. Incidunt est voluptatem excepturi. Veniam impedit id harum. Natus blanditiis voluptas distinctio sit autem. Officia eos sapiente repudiandae nesciunt incidunt. Saepe iure molestiae quo et cum consequatur. Nesciunt ipsum id architecto consectetur aut. Officia quo est explicabo blanditiis.', 0, 1, 'quo-dolor-atque-voluptas-facere-occaecati-quasi-reiciendis', NULL, '2002-05-28 03:33:14', '2021-02-07 20:32:27'),
(68, 5, 'Et voluptatum nemo quo quo totam nam.', 'https://lorempixel.com/825/400/cats/?88899', 'Aut voluptatem ratione corrupti voluptas architecto. Quia placeat rerum voluptatem et. Aspernatur sit sunt atque dolor non. Ea doloremque aliquam mollitia aut animi. Omnis harum qui ex facere dignissimos. Recusandae qui vitae quisquam totam. Architecto tenetur quibusdam dolores ut id rerum. Optio cum magni sed dolore dignissimos ipsa. Porro quod consectetur ipsa ut inventore neque nesciunt. Tempora ex qui et ea magnam. Quia laboriosam est dolorem et. Qui similique ex non accusamus temporibus aspernatur et assumenda. Voluptatem quis delectus temporibus ratione. Aut qui quod corrupti quam. Iure aut et repudiandae veritatis. Non reiciendis sed aut fugit enim.', 0, 1, 'et-voluptatum-nemo-quo-quo-totam-nam', NULL, '1993-06-29 02:03:27', '2021-02-07 20:32:27'),
(69, 4, 'Doloribus ut quae sit possimus voluptates et aspernatur ab est ut.', 'https://lorempixel.com/825/400/cats/?37840', 'Quis sed qui perspiciatis est ex cumque. Quam expedita vel aliquam sint odio. Repudiandae voluptas quia dicta nulla adipisci ut et. Laborum autem rem exercitationem doloribus. Sit sed fuga facere omnis suscipit. Quo ut consectetur autem ea. Perferendis dignissimos ducimus hic consequatur nam accusamus quia. Cupiditate dolor ullam omnis blanditiis. Quia voluptates ut fuga cumque nihil explicabo ea. Harum ut sunt hic voluptas vel tenetur ducimus. Sunt repellendus nisi voluptatem iste et animi. Porro quod quo repellat rerum. Quasi qui voluptatem distinctio in qui ea. Est sit et quam qui et fugiat eligendi. Soluta reiciendis ut nihil quis et voluptate. Suscipit nihil voluptate aut.', 0, 1, 'doloribus-ut-quae-sit-possimus-voluptates-et-aspernatur-ab-est-ut', NULL, '2006-07-25 20:23:51', '2021-02-07 20:32:27'),
(70, 7, 'Quas et cum et dolorum esse quis aut.', 'https://lorempixel.com/825/400/cats/?88028', 'Necessitatibus quia ratione impedit quia vero consectetur. Iste nesciunt nam incidunt. Cupiditate laudantium aperiam illo molestiae. Possimus aut laudantium asperiores facilis dolor. Aliquam aut et modi repellat nulla. Doloremque aut omnis quos et aut vero ipsum. Quaerat ut debitis beatae ad magnam id numquam reprehenderit. Ea odio voluptatibus et consequatur debitis nobis. Aut qui commodi eum minima itaque sunt. Ut ad hic numquam blanditiis cumque aliquid et. Molestias sit deleniti dolorem officiis ut. Nesciunt rerum amet eius modi. Provident repellendus labore aspernatur. Non nisi incidunt ratione rerum voluptas. Animi deleniti harum et veniam beatae unde. Ea quia reprehenderit totam voluptatibus facere. Qui sequi omnis dicta explicabo. Velit veritatis qui vel quis. Non rerum sint quibusdam quod nihil. Quam placeat quia aspernatur.', 0, 1, 'quas-et-cum-et-dolorum-esse-quis-aut', NULL, '2008-04-26 04:17:29', '2021-02-07 20:32:27'),
(71, 1, 'Optio facilis quos nostrum fugiat exercitationem quam.', 'https://lorempixel.com/825/400/cats/?68743', 'Aut eos ab sint quam sit. Architecto deserunt tempore natus qui velit et. Cum at rerum qui. Voluptatem voluptatem necessitatibus fugit aut molestiae. Odio nulla voluptas aperiam molestiae dolores fugit. Accusamus eos et ea voluptatem earum dolorem. Nesciunt necessitatibus cumque veritatis dicta sunt aut est odio. Et quis accusantium unde est harum. Est culpa architecto molestias ut quo reiciendis ipsum sunt. Voluptate autem praesentium at nisi ut quam qui. Sunt aspernatur ut temporibus quo laboriosam. Commodi qui debitis aut quas quae. Ut quia ea vero modi. Perferendis harum aut rerum exercitationem inventore eligendi veniam. Molestias soluta exercitationem dignissimos maiores libero. Et repellendus corrupti temporibus sapiente.', 0, 1, 'optio-facilis-quos-nostrum-fugiat-exercitationem-quam', NULL, '1978-07-06 05:45:09', '2021-02-07 20:32:27'),
(72, 7, 'Repudiandae asperiores voluptatem enim natus corporis sunt soluta quod eligendi nobis.', 'https://lorempixel.com/825/400/cats/?67746', 'Perferendis error nobis aut a quae et qui. Corporis quo porro possimus exercitationem. In nulla id rerum sunt minima. Eum ipsa distinctio iure voluptas. Ut voluptas ut porro dolores consectetur quo in saepe. Iste dolor et reiciendis dolores amet. Fugit et corrupti laudantium ipsum repellat corrupti. Et minima doloremque illo doloribus et omnis at. Quis doloremque tempore laboriosam ipsum iste rem eveniet. Consequatur maiores temporibus vel consectetur numquam et porro. Perspiciatis totam recusandae optio odit aliquid earum vel facilis. Laudantium velit perferendis mollitia sit maxime fuga nobis. Ut aperiam dolorum animi doloribus aut. Quia deserunt quam iusto rerum qui reiciendis.', 0, 1, 'repudiandae-asperiores-voluptatem-enim-natus-corporis-sunt-soluta-quod-eligendi-nobis', NULL, '2005-11-05 00:19:09', '2021-02-07 20:32:27'),
(73, 2, 'Autem reprehenderit similique quidem at quam repellendus aut incidunt rem soluta ea.', 'https://lorempixel.com/825/400/cats/?83848', 'Cumque placeat placeat harum numquam ratione ut dolorem. Temporibus cumque eum exercitationem. Eaque tempore eaque qui occaecati odio dolorum. Praesentium sed sed ea repellendus ratione modi quisquam. Ullam aut omnis debitis nemo velit qui aut sint. Veniam sequi aliquam quidem in et. Non soluta debitis error sunt architecto. Non facere dicta eius et. Libero aliquid dignissimos natus qui magni in. Tempora ipsa voluptatem aspernatur minima aut. Placeat harum iste consequuntur qui voluptatibus nulla cupiditate. Hic dolorem corrupti modi quos optio.', 0, 1, 'autem-reprehenderit-similique-quidem-at-quam-repellendus-aut-incidunt-rem-soluta-ea', NULL, '2009-11-22 00:48:47', '2021-02-07 20:32:27'),
(74, 2, 'Veniam et explicabo est quia aut iure sint consequatur nesciunt nam et sit.', 'https://lorempixel.com/825/400/cats/?53375', 'Recusandae eius qui ut et possimus debitis. Ipsa similique impedit illo et dolores. Explicabo aut est dolorem est. Ipsam nulla animi qui. Aut minima ducimus voluptatem at ut. Aut maxime sit neque delectus. Doloremque et eum doloremque et et. Eius tempora eligendi unde nemo officia et. Quis qui necessitatibus ea non eligendi delectus rerum occaecati. Occaecati porro inventore praesentium dolorem molestias ducimus quam. Id accusantium vel dolor excepturi dolorem minima. Quo iusto voluptatum modi ipsa ea ut voluptas facilis. Sequi asperiores sint quia. Eligendi perferendis porro iste consequatur aut ullam est. Impedit quo quas dolorem aut. Eveniet aut eos aut amet ea saepe neque. Distinctio ex quos eos. Molestiae alias excepturi inventore commodi est voluptatum aliquam. Doloremque repellat inventore dolor quo odit neque. Accusantium aut ipsum aut.', 0, 1, 'veniam-et-explicabo-est-quia-aut-iure-sint-consequatur-nesciunt-nam-et-sit', NULL, '1975-04-06 15:36:07', '2021-02-07 20:32:27'),
(75, 6, 'Facere repudiandae dolorum impedit omnis consequatur provident blanditiis et nulla repellendus.', 'https://lorempixel.com/825/400/cats/?29636', 'Debitis eos praesentium ad non dolorem maiores vel. Et consequuntur et quas et ullam nihil quaerat voluptates. Consequatur repellat molestiae aut distinctio vitae doloremque omnis. Magni libero vitae accusantium. At aut molestias consectetur dolor. Qui repellendus ipsum aut velit similique. Aut ut assumenda ut officia asperiores dolorem autem sunt. Quae libero error maxime sit sint impedit molestias. Sit ducimus voluptas sunt dolorum impedit repellat. Nihil in culpa numquam molestias aut iste illo. Sunt saepe autem non.', 0, 1, 'facere-repudiandae-dolorum-impedit-omnis-consequatur-provident-blanditiis-et-nulla-repellendus', NULL, '1995-01-29 13:40:53', '2021-02-07 20:32:27'),
(76, 3, 'Et quia iusto iure iste numquam temporibus.', 'https://lorempixel.com/825/400/cats/?79027', 'Quis autem corporis sed ullam maxime debitis quidem. Ipsum ad blanditiis atque ex. Dicta aut sed quas. Culpa illo in repellat impedit aut consectetur. Odio eligendi sint nemo magni nisi laboriosam. Dolor perferendis rerum totam autem beatae saepe officia. Suscipit voluptatem incidunt ea sit possimus. Officiis vel doloremque quis similique velit tempora soluta. Nisi porro nemo molestiae nisi ratione odit aut. Exercitationem a eius cupiditate soluta. Et ipsa quo dolor. Et eligendi ipsam tempore. Enim aut excepturi sed laudantium. Consectetur eligendi et consequatur natus cum. Eaque aut veritatis eum. Saepe quaerat rem exercitationem quis voluptatem quibusdam autem. Aut et minus qui occaecati voluptates temporibus. Quibusdam iusto voluptatibus repudiandae in illum distinctio ut. Et vitae libero voluptates qui et nulla aspernatur. Ut sunt beatae nisi vel dolores. Natus rem nobis corporis unde quaerat necessitatibus.', 0, 1, 'et-quia-iusto-iure-iste-numquam-temporibus', NULL, '1972-02-26 22:32:09', '2021-02-07 20:32:27'),
(77, 6, 'Vero sint consequatur ut laborum quam perferendis cupiditate et facere voluptatibus.', 'https://lorempixel.com/825/400/cats/?69604', 'Expedita voluptatem voluptatum fugit in. Accusamus ea minima ducimus rerum et. Provident magnam qui eligendi laboriosam. Tempora est sequi dolorem eos quia vel. Facere amet iste veniam vel magnam temporibus. Impedit corporis eaque fuga distinctio. Voluptates sint et porro iure expedita est laudantium. Sit occaecati et enim quos molestiae. Ut earum magni qui similique repellendus. Inventore mollitia perferendis nulla et vel perferendis quia. Magni natus saepe dolor. Suscipit laboriosam et consectetur rerum assumenda. Totam repellat quibusdam aperiam vel aperiam. Ducimus quis quia dicta ipsam accusantium distinctio. Nostrum tenetur consectetur et autem ea omnis aut omnis. Occaecati molestiae eligendi odio accusamus eum et enim molestiae.', 0, 1, 'vero-sint-consequatur-ut-laborum-quam-perferendis-cupiditate-et-facere-voluptatibus', NULL, '2002-11-18 08:58:11', '2021-02-07 20:32:27'),
(78, 4, 'Placeat repellendus aperiam repellat et sunt voluptatibus enim nihil id pariatur ut.', 'https://lorempixel.com/825/400/cats/?98314', 'Qui aspernatur occaecati aut nulla velit commodi modi numquam. Facilis officia id earum delectus consequuntur. Doloribus aut vel repudiandae id assumenda asperiores doloremque dolor. Doloremque alias quae reiciendis reiciendis modi. Sit aut voluptates et adipisci fugiat. Ut tempora quo fugit ea perspiciatis. Enim distinctio ab est quo et quod corrupti. A nesciunt iste et quis ut voluptatem autem. Voluptatum autem rerum et libero totam. Pariatur esse facilis non corporis cupiditate cupiditate dolor. Maiores aliquam libero doloremque hic. Quis omnis debitis repudiandae et fuga ipsam. Nisi illum hic enim veniam sed non. Soluta voluptates aut quibusdam. Aut culpa tempora reprehenderit repellendus neque aspernatur quas. Animi tempora ullam modi. Voluptas ducimus necessitatibus voluptatem laboriosam sit dignissimos neque. Cum natus molestiae quis quia eos. Odio nihil quo vitae necessitatibus officia dolore. Debitis ut sit quisquam dolores cum qui. Qui vel nostrum a dolores non iste qui.', 0, 1, 'placeat-repellendus-aperiam-repellat-et-sunt-voluptatibus-enim-nihil-id-pariatur-ut', NULL, '2004-02-24 21:14:03', '2021-02-07 20:32:27'),
(79, 6, 'Tempore minus nobis ut assumenda fugiat sunt iusto ea repudiandae libero.', 'https://lorempixel.com/825/400/cats/?44080', 'Accusamus nesciunt debitis nihil est. Possimus minus dolorem porro nesciunt voluptatibus omnis. Quasi vitae explicabo necessitatibus incidunt rerum ducimus ea eligendi. Illo a illum libero rerum. Doloremque enim repudiandae a eos. Quia qui ratione cupiditate. Error voluptatum qui deleniti recusandae. Repellat natus corporis et minus unde inventore qui. Ex eos corrupti est et. Velit harum sint et amet ut laborum cumque qui. Magnam ut suscipit quod sunt. Omnis unde quasi sed. Dolore sed sint deserunt ea animi. Vero deserunt repudiandae fugiat sint in veritatis. Incidunt enim cumque minima quasi id reprehenderit. Assumenda eveniet rem rem dolor voluptates rerum exercitationem modi. Error delectus eligendi quo. Consequatur provident quis aut repellendus aut.', 0, 1, 'tempore-minus-nobis-ut-assumenda-fugiat-sunt-iusto-ea-repudiandae-libero', NULL, '1987-05-02 12:02:34', '2021-02-07 20:32:27'),
(80, 2, 'Velit adipisci enim eius et deleniti ut quos et.', 'https://lorempixel.com/825/400/cats/?84203', 'Repellendus id tempora veritatis necessitatibus non. Consequuntur aut libero commodi qui. Sunt mollitia eius consequatur dolorem. Aut enim ea quia architecto harum. Mollitia molestiae rerum ut repellat. Placeat et voluptas optio rem voluptatem. Modi rerum et debitis provident sunt similique. Accusantium debitis rerum est autem reiciendis. Voluptatem et molestiae voluptatem possimus maiores. Inventore non explicabo minus quia laborum. Consequatur sed qui rerum qui fuga. Molestiae voluptates modi praesentium deleniti.', 0, 1, 'velit-adipisci-enim-eius-et-deleniti-ut-quos-et', NULL, '2000-10-13 09:51:39', '2021-02-07 20:32:27'),
(81, 7, 'Et vero quidem nobis voluptates autem laudantium.', 'https://lorempixel.com/825/400/cats/?47702', 'Dolores officiis dignissimos sed nobis. Quia veniam esse voluptatem sed est delectus. Dicta quas distinctio maiores voluptatem. Tempora modi molestias rerum expedita. Repellat et provident et magni sit quia saepe placeat. Ut deserunt neque reiciendis. Alias est saepe magnam nemo. Fugit minus voluptate esse sit sapiente odit. Voluptatem doloremque eum eum consequatur qui aliquid omnis. Molestiae aut est laudantium voluptates sunt. Qui ea omnis aliquam molestias debitis. Magni eos enim quibusdam ab non cumque. Et modi autem quae ut repudiandae laudantium. Consequatur officia possimus dolores quibusdam. Molestias et id harum possimus illo harum expedita. Ut voluptas est qui voluptas qui blanditiis ea eum. Maiores et et labore at reiciendis deleniti. Libero optio fugit temporibus.', 0, 1, 'et-vero-quidem-nobis-voluptates-autem-laudantium', NULL, '1990-03-14 07:00:59', '2021-02-07 20:32:28'),
(82, 4, 'Quos corporis dolores dolorem consectetur aperiam velit et consequatur quia ab itaque.', 'https://lorempixel.com/825/400/cats/?97662', 'Dolore cumque autem deleniti aperiam molestiae et dignissimos. Nulla corporis animi et tempore numquam. Veritatis cum accusantium accusamus non. Id quam labore odit qui. Est rerum harum est et et quidem. Vitae unde deleniti facere quibusdam est natus. Eos at beatae quod vero. Aliquid sint rerum harum. In aut laudantium distinctio accusamus repudiandae et. Ex voluptas culpa nulla consectetur quae.', 0, 1, 'quos-corporis-dolores-dolorem-consectetur-aperiam-velit-et-consequatur-quia-ab-itaque', NULL, '1992-02-04 18:47:16', '2021-02-07 20:32:28'),
(83, 3, 'Et officiis enim recusandae dignissimos dolorem cupiditate.', 'https://lorempixel.com/825/400/cats/?11355', 'Omnis et sapiente explicabo voluptatibus est eos accusamus. Ut iusto sit amet consequatur voluptas ut. Atque nesciunt corporis a ipsa. Accusantium cumque nihil fugiat amet sit. Molestiae voluptatem eligendi et quaerat harum necessitatibus. Aperiam odit est pariatur nam. Qui quam et non hic consequatur inventore ut dolorem. Doloremque voluptas illum dolores voluptas. Quia quia ea praesentium dolorem non ex. Sunt nam sit quia illum voluptatibus fugit quo. Aliquam dolorem nobis qui qui amet impedit aperiam. Velit quae hic iure accusantium quia et. Soluta mollitia minima saepe rem magnam. Voluptates aperiam voluptatem ipsam non et facilis temporibus est. Fuga nam beatae tenetur ipsa minus eius. Doloribus iusto dolorum facere ea. Quis enim qui at ex. Atque voluptatibus eveniet magni qui sint aut. Aut esse dolorem dolore assumenda. Optio modi sit adipisci officiis in cum praesentium.', 0, 1, 'et-officiis-enim-recusandae-dignissimos-dolorem-cupiditate', NULL, '1999-05-13 02:31:51', '2021-02-07 20:32:28'),
(84, 3, 'Totam sint iusto ut repellat totam nemo sunt maxime est maxime earum.', 'https://lorempixel.com/825/400/cats/?31187', 'Molestias ut est aut laborum officia. Perferendis ipsum deserunt qui et. Deleniti ut consequatur eaque. Totam voluptatem aliquid rerum accusantium ab. Eius occaecati aliquid totam. Aliquid quas sit sit reiciendis odio. Nemo sit explicabo pariatur a nostrum. Nemo quia neque animi consequatur. Itaque omnis placeat ea ad ipsum. Ut sed magni non et natus voluptatum.', 0, 1, 'totam-sint-iusto-ut-repellat-totam-nemo-sunt-maxime-est-maxime-earum', NULL, '1970-07-10 09:37:55', '2021-02-07 20:32:28'),
(85, 4, 'Officiis qui corrupti odio quaerat voluptas quia est nihil expedita provident unde est.', 'https://lorempixel.com/825/400/cats/?34331', 'Quam libero mollitia voluptas ipsam. Esse quis exercitationem sunt dolores. Dolorem nemo et distinctio voluptatum amet earum. Culpa et voluptatem a at dolore quas. Ut rerum doloremque rerum non assumenda distinctio dolore. Sequi in reiciendis ipsum voluptatem aut architecto repudiandae veniam. Doloremque quidem molestiae rerum adipisci quasi perferendis. Neque ad ut id pariatur numquam. Officiis quidem sint mollitia corporis earum aut. Error fugiat totam est dolores ea voluptatibus. Dolores esse maiores et quisquam aut porro. Aut numquam dolores omnis. Et officiis aliquam hic. Nostrum inventore in unde nisi nemo consequatur.', 0, 1, 'officiis-qui-corrupti-odio-quaerat-voluptas-quia-est-nihil-expedita-provident-unde-est', NULL, '1980-05-11 15:25:50', '2021-02-07 20:32:28'),
(86, 5, 'Aliquam adipisci dolorem aspernatur assumenda omnis eaque occaecati commodi ut.', 'https://lorempixel.com/825/400/cats/?50472', 'Quasi nihil veniam delectus. Et minus dolor quo. Commodi non architecto omnis aut est illo. Pariatur quidem fuga commodi non maiores aut. Est tempore fugit deserunt in. Laborum nisi officia accusamus maiores repudiandae blanditiis nemo. Perferendis aut minima sint quisquam doloribus modi. Perspiciatis et nam voluptas sed. Ad animi architecto sed nihil at officia. Quo autem pariatur blanditiis delectus ut. Vel molestiae rerum et animi. Ut quis excepturi laborum eum.', 0, 1, 'aliquam-adipisci-dolorem-aspernatur-assumenda-omnis-eaque-occaecati-commodi-ut', NULL, '1999-06-27 16:06:05', '2021-02-07 20:32:28'),
(87, 1, 'Officia voluptatum veniam repudiandae fugit similique qui tempore laudantium repudiandae aperiam beatae vel totam.', 'https://lorempixel.com/825/400/cats/?19496', 'Animi facilis qui aut labore consequatur velit est minus. Numquam aperiam quia libero eos hic. Illum soluta nihil sit ad cum asperiores. Et magni ipsa minus amet id beatae. Autem quae necessitatibus qui voluptate consequatur ut et atque. Itaque laboriosam assumenda ut harum consequatur. Cumque quo dicta sit. Quas officia quas dolorum sit enim omnis. Quos voluptatem repellat voluptatem voluptas. Temporibus esse ut aut.', 0, 1, 'officia-voluptatum-veniam-repudiandae-fugit-similique-qui-tempore-laudantium-repudiandae-aperiam-beatae-vel-totam', NULL, '2011-02-24 13:35:57', '2021-02-07 20:32:28'),
(88, 2, 'Et laborum est consequatur ut ab qui unde autem ducimus aut quibusdam.', 'https://lorempixel.com/825/400/cats/?44077', 'Officia assumenda occaecati quia placeat illum perferendis laudantium quisquam. Asperiores voluptatem aut nesciunt sit labore. Aut perspiciatis consectetur et eum id. Veniam qui et eveniet deserunt maxime quae nemo sit. Ut debitis voluptas optio ea impedit. Harum eum molestiae perferendis aliquam tempore. In aut temporibus mollitia adipisci eos enim vel. Quaerat ea provident suscipit aut ipsam molestiae minima. Et facere delectus repellendus quasi. Voluptas nulla distinctio nesciunt sapiente quaerat. Voluptas nostrum illum rerum voluptate quibusdam dolor vel. Debitis id possimus ut cumque. Nobis possimus cumque omnis ut ratione. Est suscipit saepe numquam a sint. Aut commodi hic illo modi possimus. Architecto atque voluptates commodi sapiente laboriosam.', 0, 1, 'et-laborum-est-consequatur-ut-ab-qui-unde-autem-ducimus-aut-quibusdam', NULL, '1987-03-12 08:52:08', '2021-02-07 20:32:28'),
(89, 3, 'Corrupti velit veniam repellat fugit voluptatibus vel quasi fugit maxime autem.', 'https://lorempixel.com/825/400/cats/?93949', 'Iure impedit qui sint quos repudiandae sapiente rerum. Dolor consequatur porro sed qui odio suscipit dolore. Illo nisi voluptatem necessitatibus ipsa. Aliquid amet eum sunt. Nisi optio ab porro tempore. Ut ut quasi vero doloremque nesciunt. Sapiente accusantium modi ullam et quidem. Qui eum ipsum ut sed quia culpa minima. Aperiam hic dolorem sint sapiente alias perspiciatis nemo. Aut iste culpa praesentium voluptate eaque. Doloremque vero quaerat fugiat earum. Excepturi impedit iure aut voluptatibus. Et similique beatae nihil eum voluptas et sunt. Vitae eum officia nemo corporis eligendi numquam. Aut voluptatem ut ut pariatur quia. Doloribus pariatur aut incidunt ea laborum fugit et. Debitis dolores sit totam similique aut aut. Ad aliquam nesciunt fugiat iure dignissimos et nemo.', 0, 1, 'corrupti-velit-veniam-repellat-fugit-voluptatibus-vel-quasi-fugit-maxime-autem', NULL, '2005-05-15 08:19:08', '2021-02-07 20:32:28'),
(90, 1, 'Est debitis odit suscipit sapiente sunt cupiditate voluptate.', 'https://lorempixel.com/825/400/cats/?65519', 'Quae quae aliquid aliquid aliquid. Et accusantium architecto quidem officiis ut perspiciatis. Ipsum mollitia repellendus modi. Sequi nemo nam omnis placeat ex quo eum. Quasi odit ducimus voluptas labore libero molestias. Excepturi est tempore provident officia repellat voluptates. Vel beatae velit voluptatem et ducimus cumque. Officia at tempora officia praesentium et. Odit ut inventore aliquam aspernatur sit sed. Officiis doloribus totam recusandae voluptatem ut quia temporibus. Exercitationem qui et nam voluptates consequatur veniam qui.', 0, 1, 'est-debitis-odit-suscipit-sapiente-sunt-cupiditate-voluptate', NULL, '1982-10-10 04:23:12', '2021-02-07 20:32:28'),
(91, 1, 'Voluptatem totam sit repellendus adipisci soluta quam nobis dignissimos.', 'https://lorempixel.com/825/400/cats/?65002', 'Autem nostrum sed reiciendis suscipit qui. Qui laborum odio facere quas. Suscipit vel repudiandae aut qui. Quam hic magni omnis quis ipsam. Tempora eligendi eos vel ipsam dolore distinctio nihil sunt. Nihil dolores totam dolore possimus ut. Aut asperiores velit veniam eius voluptas aliquam. Officia harum incidunt qui qui quo eum itaque. Sunt quisquam nisi enim dicta ut libero modi. Molestias cum similique maxime blanditiis natus et. Aut pariatur accusantium est corporis necessitatibus laboriosam. Quasi natus minus hic a aut maiores. Ad et modi omnis vero hic sit. Molestiae quos commodi impedit ab minima nam temporibus. Doloremque adipisci temporibus deserunt voluptatem non voluptas doloremque. Provident quia rerum quaerat assumenda libero tempore quis nostrum. Adipisci excepturi consectetur voluptate quaerat ad commodi. Quaerat atque tenetur et qui aperiam quos quaerat. Eaque possimus laboriosam magni nulla. Amet commodi eos voluptates in sint a.', 0, 1, 'voluptatem-totam-sit-repellendus-adipisci-soluta-quam-nobis-dignissimos', NULL, '1997-12-16 16:23:48', '2021-02-07 20:32:28'),
(92, 2, 'Reprehenderit dolorum ipsa eveniet consequatur voluptas alias eligendi cum voluptatem quia aut.', 'https://lorempixel.com/825/400/cats/?28183', 'Dolor qui molestiae dolore laudantium et delectus. Vitae aut laboriosam veniam consequuntur dignissimos iusto reiciendis. Sed consequatur recusandae voluptates occaecati quaerat aut eligendi. Consectetur tenetur iure expedita quaerat repellendus. Omnis ipsum aperiam id doloremque reiciendis reiciendis aut. Et nesciunt et voluptatibus reprehenderit veritatis. Est dolores labore consequatur velit. Quaerat a quis est quia libero. Laudantium autem harum id facilis et. Nobis cum nemo sed est culpa molestiae omnis. Dolorem nihil inventore velit nihil et laboriosam et. Vitae aspernatur aperiam tenetur quia qui officia corrupti. Dolor quaerat rerum dolores facere quia.', 0, 1, 'reprehenderit-dolorum-ipsa-eveniet-consequatur-voluptas-alias-eligendi-cum-voluptatem-quia-aut', NULL, '2003-07-13 22:53:44', '2021-02-07 20:32:28'),
(93, 1, 'Facere pariatur sint consectetur similique exercitationem provident eligendi esse voluptas facere soluta incidunt aut.', 'https://lorempixel.com/825/400/cats/?75166', 'Tempora esse quibusdam odit excepturi eos cupiditate et. Ipsam ea officia esse quia dolore qui delectus et. Culpa ea et illo maxime quia ea atque. Ea molestiae eaque amet et. Quidem eligendi recusandae est sit et. Dolores iusto porro ipsa voluptates hic cum. Est expedita et soluta. Ut velit aspernatur natus quis dolorem impedit. Laudantium qui molestiae voluptas sit nostrum. Suscipit saepe sapiente cupiditate magnam necessitatibus ex distinctio. Rem nostrum vero et aut. Laboriosam reprehenderit ad dolor perferendis ut unde quos. Voluptates voluptas corporis dolor et. Repellat ut doloribus a sunt expedita sit. Vel sed eius saepe magnam architecto. Quis similique cupiditate libero molestias qui. Et qui vel atque inventore minima in aut. Ut doloribus aliquid molestiae officia ut velit est.', 0, 1, 'facere-pariatur-sint-consectetur-similique-exercitationem-provident-eligendi-esse-voluptas-facere-soluta-incidunt-aut', NULL, '2013-04-06 20:37:13', '2021-02-07 20:32:28'),
(94, 3, 'Aut autem sed dolorem neque est repellendus.', 'https://lorempixel.com/825/400/cats/?67764', 'Odio ullam sapiente laborum molestiae ut. Velit ex ut autem autem soluta tempora. Sit vel illo sed numquam. Quia ad magni quam natus animi eveniet. Neque doloremque ut laboriosam illo fugiat voluptatem provident commodi. Cumque ut fugit deserunt quia. Dolor reiciendis natus amet eveniet. Quia et nemo rerum laboriosam ullam magni sit. Provident doloribus animi sit harum. Fuga voluptas ipsam laborum officiis consequatur consequuntur aut. Facere saepe vel et autem suscipit voluptate qui. Tempore cumque dignissimos velit voluptas cumque aliquam. Quos aut alias alias quidem laborum consectetur illo. Quaerat est recusandae dolorem tenetur sequi et nihil. Aut nam dicta vitae cupiditate omnis facere. Maiores aspernatur quam corrupti ut. Rerum modi explicabo velit ad non. Provident iure eos autem et magnam nam. Non alias nulla a voluptate cum.', 0, 1, 'aut-autem-sed-dolorem-neque-est-repellendus', NULL, '1985-02-12 16:36:07', '2021-02-07 20:32:28'),
(95, 7, 'Nulla totam mollitia dignissimos totam voluptatem voluptas sit.', 'https://lorempixel.com/825/400/cats/?82177', 'Sit recusandae voluptas quibusdam magni quia. Ut magnam qui mollitia at. Ea voluptatum omnis autem similique dolor reiciendis optio. Quae beatae earum nulla voluptate aut in. Aliquid ut maiores dolorem. Labore aut ducimus magni aut accusantium. Libero nobis delectus laborum expedita sunt qui quibusdam. Voluptatem occaecati voluptas corrupti molestiae tempora nisi quasi laborum. Tenetur mollitia illo recusandae saepe minus quo aut. Voluptatibus tempore nisi id recusandae quisquam. Atque libero corporis provident atque. Illum non quaerat molestiae soluta totam fugiat. Sit est nam nihil similique pariatur quidem exercitationem aliquid. Nam qui vel unde quos nemo et non. Et fuga perferendis amet ratione. Velit enim assumenda sed architecto voluptatibus repudiandae. Eligendi ad quos similique ut. Nemo et dolor ipsa aut quia id quasi fuga. Recusandae possimus dolorum quis accusantium vitae nihil. Quae incidunt nostrum unde molestiae incidunt libero. Expedita quisquam nobis facilis ad.', 0, 1, 'nulla-totam-mollitia-dignissimos-totam-voluptatem-voluptas-sit', NULL, '2009-06-18 20:15:40', '2021-02-07 20:32:28'),
(96, 6, 'Minus eos provident ut in asperiores laborum et neque.', 'https://lorempixel.com/825/400/cats/?31628', 'Velit atque dignissimos sequi et quo saepe aut repellat. Sit explicabo non in sit. Qui suscipit cum ad ad. Mollitia et nostrum unde dolor quos. Adipisci delectus ullam architecto excepturi quibusdam et quo. Repellat ex adipisci enim id et. Voluptates tempore nesciunt suscipit et deleniti enim omnis fugit. Eos nostrum quidem cumque quia fuga. Molestiae aut eos ratione doloribus non. Voluptas sit saepe aspernatur nemo nihil debitis repellendus. Neque nemo quibusdam explicabo atque cum. Eligendi et impedit sed rem ullam ea. Dolorem tenetur quis enim expedita numquam pariatur fugit voluptatem. Sed sed qui molestias ut officia. Consequatur sunt amet ut consectetur laborum eveniet ratione. Quibusdam ullam earum tenetur distinctio qui quidem et. Tenetur repellendus ut eveniet quia aut dignissimos. Vel fugit id esse illum mollitia saepe. Sequi unde nesciunt ut et qui.', 0, 1, 'minus-eos-provident-ut-in-asperiores-laborum-et-neque', NULL, '2004-05-20 06:54:39', '2021-02-07 20:32:28'),
(97, 6, 'Ipsa et autem officia quo praesentium accusamus dolor molestias alias dignissimos impedit.', 'https://lorempixel.com/825/400/cats/?80316', 'Quod ut blanditiis reiciendis et quisquam ex sapiente inventore. Dolore earum repudiandae voluptatem dicta excepturi veniam nihil. Voluptas est ut et tempora exercitationem. Perspiciatis qui necessitatibus ut illo corrupti magnam vero. Veritatis sit officia omnis eum est quos quod. Hic voluptatem rerum debitis aut in non similique. Quod numquam et sed fuga quia iste sunt commodi. Nulla iusto sequi eos quibusdam non quia. Sint autem cumque rerum repellat. Recusandae at consequatur ut quae id. Quas vitae unde ipsa laboriosam quaerat. Blanditiis aut officiis consequatur dolores explicabo quam reiciendis. Nihil accusamus autem totam officiis consequuntur.', 0, 1, 'ipsa-et-autem-officia-quo-praesentium-accusamus-dolor-molestias-alias-dignissimos-impedit', NULL, '1978-08-25 06:23:07', '2021-02-07 20:32:28'),
(98, 1, 'Similique eos id maiores sit dolores ipsam fugit.', 'https://lorempixel.com/825/400/cats/?84336', 'Quia vel inventore quos sequi nisi. Molestias itaque ut voluptatem qui. Optio quis excepturi dolor ut qui harum voluptatem ad. Perspiciatis consequuntur tenetur maxime quisquam nisi rerum. Eos ut ipsam maxime consectetur qui occaecati. Ipsam consequatur molestiae pariatur aut consequuntur commodi. Adipisci deleniti praesentium voluptate rem id consectetur adipisci. Debitis molestias eius ullam praesentium numquam eum. Est doloremque voluptatem facilis facere modi. Tempora error sed quia et. Repudiandae id voluptatem cumque aliquam. Iure eveniet vitae aperiam aut dolor modi nesciunt. Et optio laborum ad sed voluptate eos. Quia sit qui dolorem sed natus architecto qui commodi. Assumenda veniam ea nobis id quaerat ab modi. Repellendus saepe eius eius et praesentium voluptatum quos. Voluptatem nam eaque mollitia temporibus nisi et.', 0, 1, 'similique-eos-id-maiores-sit-dolores-ipsam-fugit', NULL, '1979-03-08 14:29:18', '2021-02-07 20:32:28'),
(99, 6, 'Asperiores quos reiciendis sed sit assumenda totam sit magni laboriosam dolorem accusamus animi mollitia.', 'https://lorempixel.com/825/400/cats/?50547', 'Quia quaerat cumque consectetur iste eligendi. Nihil ut deleniti deserunt quam ut vel esse aliquid. Repellat vel accusamus natus. Quis doloribus est deserunt beatae laborum provident. Nostrum quasi nobis ipsam dignissimos quas voluptatem. Consectetur similique recusandae vel est. Deserunt accusantium laboriosam aut aut voluptas voluptate. Debitis animi asperiores quia cumque aperiam maiores repudiandae. Ut ullam est eveniet et. Rerum dolore tenetur nobis qui voluptas ut. Et aut ex sapiente officiis sunt molestiae animi. Magnam beatae aperiam enim quo aut quas. Voluptas corrupti id aut consectetur deleniti autem. Magni quo quia perspiciatis rerum dolorem molestiae consectetur. Quisquam expedita dolore voluptas eius blanditiis nesciunt consequatur. Ea eius accusamus ea et eos id qui ut.', 0, 1, 'asperiores-quos-reiciendis-sed-sit-assumenda-totam-sit-magni-laboriosam-dolorem-accusamus-animi-mollitia', NULL, '2007-05-03 14:29:23', '2021-02-07 20:32:28'),
(100, 1, 'Nostrum nobis voluptatum rem soluta facilis eligendi placeat placeat.', 'https://lorempixel.com/825/400/cats/?19548', 'Repudiandae amet aperiam esse voluptatum. Est aut molestiae ea cum cum consectetur qui. Unde rerum dolorem harum. Accusamus perspiciatis aut minus et quasi rerum est. Eos at et eum amet eos quos. Non praesentium sed necessitatibus ipsum fugit sapiente est. Aut culpa nam et occaecati et aut. Ut nostrum adipisci a quia sit numquam nemo. Est eaque architecto ea dolores ut sint. Quibusdam atque corrupti dolorem accusamus enim qui aliquam. Temporibus voluptate autem ullam. Sed nobis nemo sint doloribus totam blanditiis. Non consequatur aspernatur natus est architecto omnis voluptatem. Officiis exercitationem temporibus quisquam non. Voluptates quidem qui quo doloremque. Numquam error et earum ea. Eum eius culpa mollitia dolor. Nobis asperiores laboriosam accusantium atque laborum nulla.', 0, 1, 'nostrum-nobis-voluptatum-rem-soluta-facilis-eligendi-placeat-placeat', NULL, '2021-02-05 09:15:19', '2021-02-07 20:32:28');

-- --------------------------------------------------------

--
-- Tablo için tablo yapısı `categories`
--

CREATE TABLE `categories` (
  `id` bigint(20) UNSIGNED NOT NULL,
  `name` varchar(255) COLLATE utf8mb4_unicode_ci NOT NULL,
  `slug` varchar(255) COLLATE utf8mb4_unicode_ci NOT NULL,
  `status` int(11) NOT NULL DEFAULT '1' COMMENT '0:Pasif 1:Aktif',
  `deleted_at` timestamp NULL DEFAULT NULL,
  `created_at` timestamp NULL DEFAULT NULL,
  `updated_at` timestamp NULL DEFAULT NULL
) ENGINE=InnoDB DEFAULT CHARSET=utf8mb4 COLLATE=utf8mb4_unicode_ci;

--
-- Tablo döküm verisi `categories`
--

INSERT INTO `categories` (`id`, `name`, `slug`, `status`, `deleted_at`, `created_at`, `updated_at`) VALUES
(1, 'Genel', 'genel', 1, NULL, '2021-02-07 20:32:24', '2021-02-07 20:32:24'),
(2, 'Eğlence', 'eglence', 1, NULL, '2021-02-07 20:32:24', '2021-02-07 20:32:24'),
(3, 'Bilişim', 'bilisim', 1, NULL, '2021-02-07 20:32:24', '2021-02-07 20:32:24'),
(4, 'Gezi', 'gezi', 1, NULL, '2021-02-07 20:32:24', '2021-02-07 20:32:24'),
(5, 'Teknoloji', 'teknoloji', 1, NULL, '2021-02-07 20:32:24', '2021-02-07 20:32:24'),
(6, 'Sağlık', 'saglik', 1, NULL, '2021-02-07 20:32:24', '2021-02-07 20:32:24'),
(7, 'Spor', 'spor', 1, NULL, '2021-02-07 20:32:24', '2021-02-07 20:32:24'),
(8, 'Günlük Yaşam', 'gunluk-yasam', 1, NULL, '2021-02-07 20:32:24', '2021-02-07 20:32:24');

-- --------------------------------------------------------

--
-- Tablo için tablo yapısı `configs`
--

CREATE TABLE `configs` (
  `id` bigint(20) UNSIGNED NOT NULL,
  `title` varchar(255) COLLATE utf8mb4_unicode_ci NOT NULL,
  `logo` varchar(255) COLLATE utf8mb4_unicode_ci DEFAULT NULL,
  `favicon` varchar(255) COLLATE utf8mb4_unicode_ci DEFAULT NULL,
  `active` int(11) NOT NULL DEFAULT '1',
  `facebook` varchar(255) COLLATE utf8mb4_unicode_ci DEFAULT NULL,
  `twitter` varchar(255) COLLATE utf8mb4_unicode_ci DEFAULT NULL,
  `github` varchar(255) COLLATE utf8mb4_unicode_ci DEFAULT NULL,
  `linkedin` varchar(255) COLLATE utf8mb4_unicode_ci DEFAULT NULL,
  `youtube` varchar(255) COLLATE utf8mb4_unicode_ci DEFAULT NULL,
  `instagram` varchar(255) COLLATE utf8mb4_unicode_ci DEFAULT NULL,
  `created_at` timestamp NULL DEFAULT NULL,
  `updated_at` timestamp NULL DEFAULT NULL
) ENGINE=InnoDB DEFAULT CHARSET=utf8mb4 COLLATE=utf8mb4_unicode_ci;

--
-- Tablo döküm verisi `configs`
--

INSERT INTO `configs` (`id`, `title`, `logo`, `favicon`, `active`, `facebook`, `twitter`, `github`, `linkedin`, `youtube`, `instagram`, `created_at`, `updated_at`) VALUES
(1, 'Ahsent Y@zılım', NULL, NULL, 1, NULL, NULL, NULL, NULL, NULL, NULL, '2021-02-07 20:32:29', '2021-02-07 20:32:29');

-- --------------------------------------------------------

--
-- Tablo için tablo yapısı `contacts`
--

CREATE TABLE `contacts` (
  `id` bigint(20) UNSIGNED NOT NULL,
  `name` varchar(255) COLLATE utf8mb4_unicode_ci NOT NULL,
  `email` varchar(255) COLLATE utf8mb4_unicode_ci NOT NULL,
  `topic` varchar(255) COLLATE utf8mb4_unicode_ci NOT NULL,
  `message` longtext COLLATE utf8mb4_unicode_ci NOT NULL,
  `created_at` timestamp NULL DEFAULT NULL,
  `updated_at` timestamp NULL DEFAULT NULL
) ENGINE=InnoDB DEFAULT CHARSET=utf8mb4 COLLATE=utf8mb4_unicode_ci;

-- --------------------------------------------------------

--
-- Tablo için tablo yapısı `migrations`
--

CREATE TABLE `migrations` (
  `id` int(10) UNSIGNED NOT NULL,
  `migration` varchar(255) COLLATE utf8mb4_unicode_ci NOT NULL,
  `batch` int(11) NOT NULL
) ENGINE=InnoDB DEFAULT CHARSET=utf8mb4 COLLATE=utf8mb4_unicode_ci;

--
-- Tablo döküm verisi `migrations`
--

INSERT INTO `migrations` (`id`, `migration`, `batch`) VALUES
(1, '2020_09_30_102634_categories', 1),
(2, '2020_09_30_121012_articles', 1),
(3, '2020_10_01_095327_pages', 1),
(4, '2020_10_01_172425_contact', 1),
(5, '2020_10_05_094408_create_admins_table', 1),
(6, '2020_10_12_121806_configs', 1);

-- --------------------------------------------------------

--
-- Tablo için tablo yapısı `pages`
--

CREATE TABLE `pages` (
  `id` bigint(20) UNSIGNED NOT NULL,
  `title` varchar(255) COLLATE utf8mb4_unicode_ci NOT NULL,
  `image` varchar(255) COLLATE utf8mb4_unicode_ci NOT NULL,
  `content` longtext COLLATE utf8mb4_unicode_ci NOT NULL,
  `slug` varchar(255) COLLATE utf8mb4_unicode_ci NOT NULL,
  `order` int(11) NOT NULL,
  `status` int(11) NOT NULL DEFAULT '1',
  `created_at` timestamp NULL DEFAULT NULL,
  `updated_at` timestamp NULL DEFAULT NULL
) ENGINE=InnoDB DEFAULT CHARSET=utf8mb4 COLLATE=utf8mb4_unicode_ci;

--
-- Tablo döküm verisi `pages`
--

INSERT INTO `pages` (`id`, `title`, `image`, `content`, `slug`, `order`, `status`, `created_at`, `updated_at`) VALUES
(1, 'Kariyer', 'https://cdn-res.keymedia.com/cms/images/us/018/0248_637269465913199350.jpg', 'Lorem ipsum dolor sit amet, consectetur adipisicing elit.\r\n							Alias aperiam autem doloremque dolores \r\n							id iusto possimus provident, repellendus sit. Ab? \r\n							Lorem ipsum dolor sit amet, consectetur adipisicing elit.\r\n							Alias aperiam autem doloremque dolores \r\n							id iusto possimus provident, repellendus sit. Ab?\r\n							Lorem ipsum dolor sit amet, consectetur adipisicing elit.\r\n							Alias aperiam autem doloremque dolores \r\n							id iusto possimus provident, repellendus sit. Ab?', 'kariyer', 1, 1, '2021-02-07 20:32:28', '2021-02-07 20:32:28'),
(2, 'Vizyonumuz', 'https://cdn-res.keymedia.com/cms/images/us/018/0248_637269465913199350.jpg', 'Lorem ipsum dolor sit amet, consectetur adipisicing elit.\r\n							Alias aperiam autem doloremque dolores \r\n							id iusto possimus provident, repellendus sit. Ab? \r\n							Lorem ipsum dolor sit amet, consectetur adipisicing elit.\r\n							Alias aperiam autem doloremque dolores \r\n							id iusto possimus provident, repellendus sit. Ab?\r\n							Lorem ipsum dolor sit amet, consectetur adipisicing elit.\r\n							Alias aperiam autem doloremque dolores \r\n							id iusto possimus provident, repellendus sit. Ab?', 'vizyonumuz', 2, 1, '2021-02-07 20:32:28', '2021-02-07 20:32:28'),
(3, 'Misyonumuz', 'https://cdn-res.keymedia.com/cms/images/us/018/0248_637269465913199350.jpg', 'Lorem ipsum dolor sit amet, consectetur adipisicing elit.\r\n							Alias aperiam autem doloremque dolores \r\n							id iusto possimus provident, repellendus sit. Ab? \r\n							Lorem ipsum dolor sit amet, consectetur adipisicing elit.\r\n							Alias aperiam autem doloremque dolores \r\n							id iusto possimus provident, repellendus sit. Ab?\r\n							Lorem ipsum dolor sit amet, consectetur adipisicing elit.\r\n							Alias aperiam autem doloremque dolores \r\n							id iusto possimus provident, repellendus sit. Ab?', 'misyonumuz', 3, 1, '2021-02-07 20:32:28', '2021-02-07 20:32:28'),
(4, 'Hakkımızda', 'https://cdn-res.keymedia.com/cms/images/us/018/0248_637269465913199350.jpg', 'Lorem ipsum dolor sit amet, consectetur adipisicing elit.\r\n							Alias aperiam autem doloremque dolores \r\n							id iusto possimus provident, repellendus sit. Ab? \r\n							Lorem ipsum dolor sit amet, consectetur adipisicing elit.\r\n							Alias aperiam autem doloremque dolores \r\n							id iusto possimus provident, repellendus sit. Ab?\r\n							Lorem ipsum dolor sit amet, consectetur adipisicing elit.\r\n							Alias aperiam autem doloremque dolores \r\n							id iusto possimus provident, repellendus sit. Ab?', 'hakkimizda', 4, 1, '2021-02-07 20:32:28', '2021-02-07 20:32:28'),
(5, 'İletişim', 'https://cdn-res.keymedia.com/cms/images/us/018/0248_637269465913199350.jpg', 'Lorem ipsum dolor sit amet, consectetur adipisicing elit.\r\n							Alias aperiam autem doloremque dolores \r\n							id iusto possimus provident, repellendus sit. Ab? \r\n							Lorem ipsum dolor sit amet, consectetur adipisicing elit.\r\n							Alias aperiam autem doloremque dolores \r\n							id iusto possimus provident, repellendus sit. Ab?\r\n							Lorem ipsum dolor sit amet, consectetur adipisicing elit.\r\n							Alias aperiam autem doloremque dolores \r\n							id iusto possimus provident, repellendus sit. Ab?', 'iletisim', 5, 1, '2021-02-07 20:32:29', '2021-02-07 20:32:29');

--
-- Dökümü yapılmış tablolar için indeksler
--

--
-- Tablo için indeksler `admins`
--
ALTER TABLE `admins`
  ADD PRIMARY KEY (`id`);

--
-- Tablo için indeksler `articles`
--
ALTER TABLE `articles`
  ADD PRIMARY KEY (`id`),
  ADD KEY `articles_category_id_foreign` (`category_id`);

--
-- Tablo için indeksler `categories`
--
ALTER TABLE `categories`
  ADD PRIMARY KEY (`id`);

--
-- Tablo için indeksler `configs`
--
ALTER TABLE `configs`
  ADD PRIMARY KEY (`id`);

--
-- Tablo için indeksler `contacts`
--
ALTER TABLE `contacts`
  ADD PRIMARY KEY (`id`);

--
-- Tablo için indeksler `migrations`
--
ALTER TABLE `migrations`
  ADD PRIMARY KEY (`id`);

--
-- Tablo için indeksler `pages`
--
ALTER TABLE `pages`
  ADD PRIMARY KEY (`id`);

--
-- Dökümü yapılmış tablolar için AUTO_INCREMENT değeri
--

--
-- Tablo için AUTO_INCREMENT değeri `admins`
--
ALTER TABLE `admins`
  MODIFY `id` bigint(20) UNSIGNED NOT NULL AUTO_INCREMENT, AUTO_INCREMENT=2;

--
-- Tablo için AUTO_INCREMENT değeri `articles`
--
ALTER TABLE `articles`
  MODIFY `id` bigint(20) UNSIGNED NOT NULL AUTO_INCREMENT, AUTO_INCREMENT=101;

--
-- Tablo için AUTO_INCREMENT değeri `categories`
--
ALTER TABLE `categories`
  MODIFY `id` bigint(20) UNSIGNED NOT NULL AUTO_INCREMENT, AUTO_INCREMENT=9;

--
-- Tablo için AUTO_INCREMENT değeri `configs`
--
ALTER TABLE `configs`
  MODIFY `id` bigint(20) UNSIGNED NOT NULL AUTO_INCREMENT, AUTO_INCREMENT=2;

--
-- Tablo için AUTO_INCREMENT değeri `contacts`
--
ALTER TABLE `contacts`
  MODIFY `id` bigint(20) UNSIGNED NOT NULL AUTO_INCREMENT;

--
-- Tablo için AUTO_INCREMENT değeri `migrations`
--
ALTER TABLE `migrations`
  MODIFY `id` int(10) UNSIGNED NOT NULL AUTO_INCREMENT, AUTO_INCREMENT=7;

--
-- Tablo için AUTO_INCREMENT değeri `pages`
--
ALTER TABLE `pages`
  MODIFY `id` bigint(20) UNSIGNED NOT NULL AUTO_INCREMENT, AUTO_INCREMENT=6;

--
-- Dökümü yapılmış tablolar için kısıtlamalar
--

--
-- Tablo kısıtlamaları `articles`
--
ALTER TABLE `articles`
  ADD CONSTRAINT `articles_category_id_foreign` FOREIGN KEY (`category_id`) REFERENCES `categories` (`id`);
COMMIT;

/*!40101 SET CHARACTER_SET_CLIENT=@OLD_CHARACTER_SET_CLIENT */;
/*!40101 SET CHARACTER_SET_RESULTS=@OLD_CHARACTER_SET_RESULTS */;
/*!40101 SET COLLATION_CONNECTION=@OLD_COLLATION_CONNECTION */;
